Developer,Commits,Code Churn (Lines),PRs Opened,PRs Merged,Avg PR Size,Avg PR Review Time (Days),Issues Resolved,Avg Issue Resolution Time (hours)
Darren Nguyen,2,66,0,0,0.0,0.0,0,0.0
madhuracj,0,0,2,1,11.5,8.523888888888889,0,0.0
Haya,1,26,0,0,0.0,0.0,0,0.0
nastegiano,1,4,0,0,0.0,0.0,0,0.0
GauravChoudhay,0,0,1,1,4.0,18.298333333333332,0,0.0
morags,0,0,1,0,2.0,0.0,0,0.0
Amit Bera,1,8,0,0,0.0,0.0,0,0.0
anupam,1,112,0,0,0.0,0.0,0,0.0
hmaarrfk,0,0,1,1,1.0,18.033055555555556,0,0.0
lgeiger,0,0,1,1,2.0,3.3505555555555557,0,0.0
t-jakubek,1,46,0,0,0.0,0.0,0,0.0
panda5176,0,0,1,1,2.0,23.828055555555554,0,0.0
admdemiraj,0,0,1,1,10.0,22.684722222222224,0,0.0
Aditi Juneja,1,3,0,0,0.0,0.0,0,0.0
melemo2,4,16,0,0,0.0,0.0,0,0.0
Samuel O. Ronsin,2,1313,0,0,0.0,0.0,0,0.0
Nass,1,41,0,0,0.0,0.0,0,0.0
jondo,0,0,1,1,1.0,1.0208333333333333,0,0.0
seoeunHong,0,0,2,1,2.0,13.9875,1,0.21444444444444444
Jeff Zhao,1,38,0,0,0.0,0.0,0,0.0
Micky774,5,123,114,88,1355.6929824561403,13.290082070707074,0,0.0
idomic,0,0,1,1,5.0,2.845,0,0.0
nogilnick,0,0,1,0,220.0,0.0,0,0.0
Gabor Kertesz,1,6,0,0,0.0,0.0,0,0.0
sujataoak799,0,0,2,0,11.5,0.0,0,0.0
Shreesha3112,0,0,11,6,93.0909090909091,11.287175925925927,0,0.0
Rafal Wojdyla,1,24,0,0,0.0,0.0,0,0.0
shubhalgupta,0,0,1,1,4.0,1.7044444444444444,0,0.0
Sangam,6,85,0,0,0.0,0.0,0,0.0
millawell,1,2,0,0,0.0,0.0,0,0.0
shadyelgewily-slimstock,0,0,1,1,38.0,0.7633333333333333,0,0.0
Jofleming,0,0,1,1,2.0,8.56,0,0.0
priyansh16,0,0,1,1,4.0,1.0983333333333334,0,0.0
dx2-66,0,0,1,0,55.0,0.0,0,0.0
rossbar,0,0,3,3,37.0,10.670555555555554,0,0.0
robertcrockett,0,0,1,1,18.0,15.117777777777778,0,0.0
chukarsten,0,0,1,0,6.0,0.0,0,0.0
Daniel Tinoco,1,3,0,0,0.0,0.0,0,0.0
charlesjhill,0,0,1,0,259.0,0.0,0,0.0
chkoar,0,0,1,1,1.0,5.170555555555556,0,0.0
Anavelyz,1,26,0,0,0.0,0.0,0,0.0
Adam Kania,1,30,0,0,0.0,0.0,0,0.0
Okhanous,0,0,1,0,2.0,0.0,0,0.0
captainhaddock18,0,0,1,1,4.0,4.4222222222222225,0,0.0
nik1097,0,0,2,2,11.0,14.74111111111111,0,0.0
kevin moore,2,4,0,0,0.0,0.0,0,0.0
Bryan Chen,1,6,0,0,0.0,0.0,0,0.0
Albarran-dev,0,0,1,0,33.0,0.0,0,0.0
e-izdfr,0,0,1,1,4.0,0.9352777777777778,0,0.0
awinml,0,0,15,14,54.666666666666664,7.614424603174604,1,12.315277777777778
xi-jiajun,0,0,1,1,2.0,8.632777777777777,0,0.0
RowanMankoo,0,0,2,2,20.0,13.114027777777778,0,0.0
juanfe88,1,3,2,2,18.5,16.35472222222222,0,0.0
lpsilvestrin,0,0,1,1,2.0,3.2683333333333335,0,0.0
Bartłomiej Gońda,1,2,0,0,0.0,0.0,0,0.0
Diadochokinetic,4,419,8,4,120.875,11.527013888888888,0,0.0
jpangas,0,0,8,6,44.125,12.227916666666667,0,0.0
Marko Toplak,1,38,0,0,0.0,0.0,0,0.0
npache,1,21,2,1,11.5,0.4986111111111111,0,0.0
boyleconnor,0,0,1,1,70.0,3.545,0,0.0
SaviourOfAll,0,0,1,0,1508.0,0.0,0,0.0
nicolasdalsass,0,0,1,0,5.0,0.0,0,0.0
Priyash Shah,1,36,0,0,0.0,0.0,0,0.0
Brandon Truth,1,38,0,0,0.0,0.0,0,0.0
atrettin,0,0,1,0,730.0,0.0,0,0.0
Konstantinos Pitas,1,52,0,0,0.0,0.0,0,0.0
Kendall,3,276,0,0,0.0,0.0,0,0.0
EitanHemed,0,0,1,1,3.0,18.720555555555556,0,0.0
Dominic Fox,1,10,0,0,0.0,0.0,0,0.0
Ana Paula Gomes,1,6,0,0,0.0,0.0,0,0.0
bcm-at-zama,0,0,1,1,8.0,23.961388888888887,0,0.0
Nymark Kho,2,152,0,0,0.0,0.0,0,0.0
monikamarr,0,0,2,0,229.5,0.0,0,0.0
samronsin,0,0,2,1,113.0,7.650833333333333,0,0.0
Jeff Hale,1,4,0,0,0.0,0.0,0,0.0
SinghAnkur28,0,0,2,2,2.0,11.39013888888889,0,0.0
Aniket-Mahindrakar,0,0,1,0,72.0,0.0,0,0.0
ramvikrams,0,0,1,1,22.0,19.74388888888889,0,0.0
lazarust,0,0,2,1,31.5,8.663333333333334,0,0.0
MuhammadSaadGoraya,0,0,1,0,37.0,0.0,0,0.0
QuadV,2,26,2,2,13.0,1.263611111111111,0,0.0
Nathan Goldbaum,1,2,0,0,0.0,0.0,0,0.0
IamjustNick,0,0,1,0,66.0,0.0,0,0.0
Lohit SundaramahaLingam,1,30,0,0,0.0,0.0,0,0.0
AyushChauhan-ui,0,0,1,0,57.0,0.0,0,0.0
milana2,1,2,0,0,0.0,0.0,0,0.0
101AlexMartin,2,344,2,2,172.0,17.726666666666667,0,0.0
Aswathavicky,1,4,1,1,4.0,18.196944444444444,0,0.0
Rmin-cmd,0,0,1,0,1.0,0.0,0,0.0
Xavier Beltran,4,98,0,0,0.0,0.0,0,0.0
alxfgh,0,0,3,1,18.0,19.965,0,0.0
markotoplak,0,0,1,1,38.0,22.37,0,0.0
Mateo Noreña,1,21,0,0,0.0,0.0,0,0.0
Federico Luna,1,7,0,0,0.0,0.0,0,0.0
Tobias Uhmann,1,16,0,0,0.0,0.0,0,0.0
jnothman,0,0,2,2,54.5,18.009027777777778,0,0.0
Jérémie du Boisberranger,300,41212,0,0,0.0,0.0,0,0.0
Takeshi Oura,4,475,0,0,0.0,0.0,0,0.0
li1127217ye,0,0,1,1,3.0,11.688055555555556,0,0.0
Megabyte,1,12,0,0,0.0,0.0,0,0.0
赵丰 (Zhao Feng),2,5,0,0,0.0,0.0,0,0.0
tillahoffmann,0,0,2,0,140.5,0.0,0,0.0
ohorban,0,0,1,0,4.0,0.0,0,0.0
Maksym,1,9,0,0,0.0,0.0,0,0.0
2maz,0,0,1,1,10.0,4.677222222222222,0,0.0
RachitKeertiDas,0,0,1,1,50.0,1.4291666666666667,0,0.0
Nicola Fanelli,1,22,0,0,0.0,0.0,0,0.0
agramfort,0,0,1,1,4.0,0.9247222222222222,0,0.0
Akshita Prasanth,2,4,0,0,0.0,0.0,0,0.0
Alexis IMBERT,1,98,0,0,0.0,0.0,0,0.0
Ben Mares,1,6,0,0,0.0,0.0,0,0.0
Seoeun(Sun☀️) Hong,1,4,0,0,0.0,0.0,0,0.0
jarrodmillman,0,0,1,1,10.0,20.285,0,0.0
Thomas Germer,1,2,0,0,0.0,0.0,0,0.0
mdhornstein,0,0,1,1,8.0,11.064722222222223,0,0.0
Harmanan Kohli,2,23,0,0,0.0,0.0,0,0.0
Rowan Mankoo,2,40,0,0,0.0,0.0,0,0.0
Prince Canuma,2,7,0,0,0.0,0.0,0,0.0
RenTrieu,0,0,2,2,33.0,13.392916666666668,0,0.0
Michal Karbownik,1,41,0,0,0.0,0.0,0,0.0
mlondschien,4,141,1,1,18.0,20.442777777777778,0,0.0
Lisa Casino,1,44,0,0,0.0,0.0,0,0.0
victoirelouis,3,17,3,3,6.333333333333333,7.43712962962963,0,0.0
Fabian Egli,1,4,0,0,0.0,0.0,0,0.0
conradstevens,0,0,2,1,786.0,18.587777777777777,0,0.0
albuzenet,0,0,2,2,16.0,9.506388888888889,0,0.0
Anthony22-dev,1,19,2,1,18.0,21.468333333333334,0,0.0
zhenfisher,1,7,0,0,0.0,0.0,0,0.0
Ezri-Mudde,1,2,0,0,0.0,0.0,0,0.0
jimmy927,0,0,1,0,31.0,0.0,0,0.0
MaxwellLZH,0,0,34,26,44.5,9.274102564102567,0,0.0
Naipawat Poolsawat,2,16,0,0,0.0,0.0,0,0.0
s-banach,0,0,5,2,1379.8,13.972361111111113,0,0.0
robGardiner01,0,0,1,0,3.0,0.0,0,0.0
jgonggrijp,0,0,1,0,112.0,0.0,0,0.0
Adarsh Wase,1,156,0,0,0.0,0.0,0,0.0
tsuga,1,2,0,0,0.0,0.0,0,0.0
Tomás Moreyra,1,56,0,0,0.0,0.0,0,0.0
JElfner,1,378,0,0,0.0,0.0,0,0.0
Christian Clauss,1,2,0,0,0.0,0.0,0,0.0
DanielGaerber,1,108,0,0,0.0,0.0,0,0.0
konstantinos-p,0,0,1,1,52.0,2.069722222222222,0,0.0
multimeric,0,0,1,0,96.0,0.0,0,0.0
HarrisonSantiago,0,0,1,0,13.0,0.0,0,0.0
Jovan Stojanovic,1,120,0,0,0.0,0.0,0,0.0
Connor Boyle,1,70,0,0,0.0,0.0,0,0.0
maf-rnmourao,0,0,1,0,29.0,0.0,0,0.0
eden-brekke,0,0,1,1,2.0,8.906666666666666,0,0.0
brdav,1,14,1,1,14.0,23.50138888888889,0,0.0
Toshihiro NAKAE,2,381,0,0,0.0,0.0,0,0.0
wd60622,0,0,1,1,245.0,19.947222222222223,0,0.0
lurue101,0,0,1,0,294.0,0.0,0,0.0
shogohida,0,0,2,2,5.0,6.307361111111111,0,0.0
Maxi Marufo,1,17,0,0,0.0,0.0,0,0.0
Tyler Egashira,1,2,0,0,0.0,0.0,0,0.0
Stamic-kk,0,0,1,1,8.0,6.964444444444444,0,0.0
wildwoodwaltz,0,0,2,1,2.0,11.328333333333333,0,0.0
symeneses,0,0,2,2,230.0,13.384444444444444,0,0.0
RazHoshia,0,0,1,1,6.0,1.583611111111111,0,0.0
murezzda,1,10,1,1,10.0,13.384444444444444,0,0.0
AniketP04,0,0,1,1,4.0,16.51888888888889,0,0.0
hsorsky,0,0,1,1,11.0,12.8325,0,0.0
fuglede,0,0,1,1,7.0,7.703611111111111,0,0.0
Thanh Lam DANG,7,137,0,0,0.0,0.0,0,0.0
MYATSOLSIKKE,0,0,1,0,1.0,0.0,0,0.0
Duarte São José,1,38,0,0,0.0,0.0,0,0.0
ojoaomorais,0,0,7,6,6.142857142857143,12.371157407407408,0,0.0
zaz,0,0,1,0,7.0,0.0,0,0.0
sperret6,1,4,4,1,2.5,23.30527777777778,0,0.0
Shuangchi He,1,34,0,0,0.0,0.0,0,0.0
Anam Fatima,1,18,0,0,0.0,0.0,0,0.0
BenjaminBossan,0,0,5,2,361.4,12.804027777777778,0,0.0
AtmajMishra,0,0,1,0,2.0,0.0,0,0.0
Alan Guedes,1,2,0,0,0.0,0.0,0,0.0
Omar Salman,61,8446,0,0,0.0,0.0,0,0.0
Dr. Felix M. Riese,1,22,0,0,0.0,0.0,0,0.0
poloso,1,25,0,0,0.0,0.0,0,0.0
Tech-Netiums,0,0,5,4,2489.8,9.613333333333333,0,0.0
Gabriel Stefanini Vicente,5,218,0,0,0.0,0.0,0,0.0
jsilke,0,0,5,5,44.2,17.791611111111113,0,0.0
Waël Boukhobza,1,2,0,0,0.0,0.0,0,0.0
Changyao Chen,1,2,0,0,0.0,0.0,0,0.0
kvanzuijlen,0,0,1,0,20.0,0.0,0,0.0
ram vikram singh,1,22,0,0,0.0,0.0,0,0.0
Andreas Grivas,1,5,0,0,0.0,0.0,0,0.0
SEELE,2,18,0,0,0.0,0.0,0,0.0
JuliaSchoepp,1,41,1,1,41.0,15.153333333333334,0,0.0
bewygs,0,0,1,0,33.0,0.0,0,0.0
msgomez06,0,0,2,1,40.0,6.365555555555556,0,0.0
Akihiro Kuno,1,14,0,0,0.0,0.0,0,0.0
EmilyXinyi,8,433,11,8,73.0909090909091,16.018124999999998,0,0.0
cmarmo,0,0,18,17,123.22222222222223,10.066748366013071,0,0.0
duttashi,0,0,1,1,2.0,5.54,0,0.0
bmgdc,0,0,1,1,25.0,2.1219444444444444,0,0.0
egndz,0,0,2,2,33.5,17.024305555555557,0,0.0
Choudhry-Shaharyar,0,0,2,1,104.0,16.363611111111112,0,0.0
Varun Jain,1,2,0,0,0.0,0.0,0,0.0
betatim,0,0,49,38,110.65306122448979,8.998618421052631,2,21.001805555555556
Sean Atukorala,4,41,0,0,0.0,0.0,0,0.0
Tim Head,37,2873,0,0,0.0,0.0,0,0.0
Dwight Lindquist,1,2,0,0,0.0,0.0,0,0.0
Julio Batista Silva,1,33,0,0,0.0,0.0,0,0.0
akikuno,0,0,1,1,14.0,7.13,0,0.0
akeemlh,0,0,1,0,42.0,0.0,0,0.0
ChamRoshi,0,0,1,1,2.0,1.0,0,0.0
Andrew-Wang-IB45,0,0,3,1,194.0,11.205277777777777,0,0.0
Ohad Michel,2,451,0,0,0.0,0.0,0,0.0
TONY GEORGE,1,28,0,0,0.0,0.0,0,0.0
mae5357,0,0,1,0,30.0,0.0,0,0.0
JoKoum,0,0,1,1,2.0,0.10388888888888889,0,0.0
hristo-vrigazov,0,0,1,1,3.0,3.2275,0,0.0
bsipocz,0,0,1,1,2.0,19.282777777777778,0,0.0
tirth-hihoriya,0,0,1,0,116.0,0.0,0,0.0
augustin-cramer,0,0,1,0,4.0,0.0,0,0.0
kshitijkapadni,0,0,1,1,10.0,7.470277777777778,0,0.0
Adeyemi Biola,1,2,0,0,0.0,0.0,0,0.0
jshinm,0,0,1,0,438.0,0.0,0,0.0
tongyu,1,6,0,0,0.0,0.0,0,0.0
miwojc,1,48,0,0,0.0,0.0,0,0.0
Phil,1,3,0,0,0.0,0.0,0,0.0
agitter,0,0,1,0,6.0,0.0,0,0.0
hiramatsuyuusuke,0,0,2,2,18.0,8.145555555555555,0,0.0
Aryasarkar008,0,0,1,0,4.0,0.0,0,0.0
cfpark00,0,0,1,0,7.0,0.0,0,0.0
mokwilliam,0,0,1,1,47.0,23.537222222222223,0,0.0
Venkatesh-5764,0,0,1,0,2.0,0.0,0,0.0
NouamaneTazi,0,0,1,0,3.0,0.0,0,0.0
Peter Jansson,1,13,0,0,0.0,0.0,0,0.0
matthewmercuri,0,0,1,0,9.0,0.0,0,0.0
Gigi-G,0,0,1,0,110.0,0.0,0,0.0
Mateusz Sokół,6,883,0,0,0.0,0.0,0,0.0
zeeshan lone,13,182,0,0,0.0,0.0,0,0.0
Loïc Estève,238,22965,0,0,0.0,0.0,0,0.0
yusufraji,0,0,1,1,3.0,14.330555555555556,0,0.0
hasandiwan,0,0,1,0,24.0,0.0,0,0.0
strivn,0,0,1,1,10.0,1.0505555555555555,0,0.0
Andrew Wang,1,41,0,0,0.0,0.0,0,0.0
Shaharyar Choudhry,1,104,0,0,0.0,0.0,0,0.0
Tom Dupré la Tour,11,2085,0,0,0.0,0.0,0,0.0
Vinayak Mehta,1,9,0,0,0.0,0.0,0,0.0
caherrera-meli,1,35,0,0,0.0,0.0,0,0.0
greyisbetter,0,0,9,5,103.88888888888889,17.09316666666667,0,0.0
Mavs,1,45,0,0,0.0,0.0,0,0.0
Piet Brömmel,1,2,0,0,0.0,0.0,0,0.0
Ishan Mishra,1,4,0,0,0.0,0.0,0,0.0
Adam Li,31,8496,0,0,0.0,0.0,0,0.0
Gustavo Oliveira,3,15,0,0,0.0,0.0,0,0.0
Alexandr,1,2,0,0,0.0,0.0,0,0.0
Mitzi,11,138,0,0,0.0,0.0,0,0.0
Mohit Joshi,11,391,0,0,0.0,0.0,0,0.0
Aryan-Mishra24,0,0,1,0,86.0,0.0,0,0.0
ZeeshanLone,0,0,15,13,12.733333333333333,11.994145299145298,0,0.0
wchathura,1,11,1,1,11.0,16.269444444444446,0,0.0
Badr MOUFAD,2,22,0,0,0.0,0.0,0,0.0
JohnathanPi,1,16,3,1,12.666666666666666,22.574444444444445,0,0.0
graua-git,0,0,2,0,1657.0,0.0,0,0.0
thomascherickal,0,0,1,0,0.0,0.0,0,0.0
zadilkhwaja,0,0,7,6,9.285714285714286,7.925972222222222,0,0.0
constant5,0,0,1,0,5.0,0.0,0,0.0
nnlnr,0,0,1,1,7.0,15.345277777777778,0,0.0
anapaulagomes,0,0,1,1,6.0,17.69,0,0.0
drskd,1,3,0,0,0.0,0.0,0,0.0
LoHertel,0,0,1,1,37.0,6.028333333333333,0,0.0
flyingdutchman23,1,36,0,0,0.0,0.0,0,0.0
marikabergengren,0,0,1,0,2.0,0.0,0,0.0
it176131,0,0,2,2,35.0,17.43416666666667,0,0.0
soma2000-lang,0,0,1,0,2.0,0.0,0,0.0
Reshama Shaikh,21,1355,0,0,0.0,0.0,0,0.0
Ily83,0,0,1,1,4.0,14.573611111111111,0,0.0
Tushar Parimi,1,3,0,0,0.0,0.0,0,0.0
Eric Larson,1,10,0,0,0.0,0.0,0,0.0
MarieS-WiMLDS,5,68,5,5,13.6,1.8738888888888887,0,0.0
Milton Gomez,1,70,0,0,0.0,0.0,0,0.0
GeorgiaMayDay,1,4,1,1,4.0,23.439166666666665,0,0.0
matjansen,1,2,1,1,2.0,0.9586111111111111,0,0.0
MN193,1,32,1,1,32.0,19.482222222222223,0,0.0
bmreiniger,1,31,0,0,0.0,0.0,0,0.0
shellyfung,4,63,4,4,15.75,3.5847222222222226,0,0.0
seanswyi,0,0,2,0,2829.5,0.0,1,8.501111111111111
Rahil Parikh,47,1387,0,0,0.0,0.0,0,0.0
Ming-Yang Ho,1,4,0,0,0.0,0.0,0,0.0
Divyanshu Deoli,1,20,0,0,0.0,0.0,0,0.0
aditya172926,0,0,1,1,159.0,17.138055555555557,0,0.0
Bijil Subhash,2,42,0,0,0.0,0.0,0,0.0
AdrianoCLeao,0,0,1,0,2.0,0.0,0,0.0
Abdulaziz Aloqeely,2,8,0,0,0.0,0.0,0,0.0
Deborah L. Haar,1,16,0,0,0.0,0.0,0,0.0
darioka,1,97,1,1,97.0,14.219722222222222,0,0.0
Kevin Doucet,1,5,0,0,0.0,0.0,0,0.0
Himanshu Kumar,1,8,0,0,0.0,0.0,0,0.0
Hugo DEFOIS,1,31,0,0,0.0,0.0,0,0.0
matthewfeickert,0,0,1,1,30.0,15.943888888888889,0,0.0
Nathan Orgera,1,120,0,0,0.0,0.0,0,0.0
Ravi Makhija,2,6,0,0,0.0,0.0,0,0.0
vinayak-mehta,0,0,2,1,14.5,17.80361111111111,0,0.0
Masanori Kanazu,1,12,0,0,0.0,0.0,0,0.0
Dhanshree Arora,2,8,0,0,0.0,0.0,0,0.0
Ashish Dutt,1,2,0,0,0.0,0.0,0,0.0
Daniele Ongari,1,89,0,0,0.0,0.0,0,0.0
thydnguyen,0,0,1,0,8.0,0.0,0,0.0
Michael Dawson,1,2,0,0,0.0,0.0,0,0.0
Benjamin Carter,1,2,0,0,0.0,0.0,0,0.0
tomiock,1,26,1,1,26.0,0.2922222222222222,0,0.0
Edern,1,55,0,0,0.0,0.0,0,0.0
dohrisalim,0,0,2,2,79.0,12.254444444444445,0,0.0
JosephSM,0,0,1,1,2.0,7.665555555555556,0,0.0
Seyedsaman (Sam) Emami,1,2,0,0,0.0,0.0,0,0.0
Tom Mathews,13,111,0,0,0.0,0.0,0,0.0
clytaemnestra,0,0,1,1,29.0,21.16583333333333,1,13.608333333333333
LalliAcqua,1,45,0,0,0.0,0.0,0,0.0
KanchiMoe,1,18,1,1,18.0,1.6008333333333333,0,0.0
amirzarie,0,0,1,0,2.0,0.0,0,0.0
epimorphic,1,22,1,1,22.0,4.708333333333333,0,0.0
stephanecollot,0,0,2,1,200.5,16.566388888888888,0,0.0
DayneSorvisto,0,0,1,1,2.0,15.501388888888888,0,0.0
advafaeian,0,0,2,1,27.5,4.835555555555556,0,0.0
yareyaredesuyo,1,4,1,1,4.0,16.946944444444444,0,0.0
PierrickPochelu,0,0,2,0,895.5,0.0,0,0.0
teunpe,1,28,1,1,28.0,20.0425,0,0.0
Vincent M,19,1781,0,0,0.0,0.0,0,0.0
Yar Khine Phyo,3,213,0,0,0.0,0.0,0,0.0
TFiFiE,1,4,0,0,0.0,0.0,0,0.0
b0rxington,2,12,0,0,0.0,0.0,0,0.0
Ingela,1,74,0,0,0.0,0.0,0,0.0
johnthagen,1,2,1,1,2.0,2.0105555555555554,0,0.0
Luccas Quadros,2,46,0,0,0.0,0.0,0,0.0
alexmolas,0,0,2,1,12854.0,4.1177777777777775,0,0.0
amitalokbera,0,0,1,1,8.0,5.7283333333333335,0,0.0
venkyyuvy,0,0,1,1,5.0,14.71861111111111,0,0.0
TheBicPen,0,0,3,2,86.66666666666667,7.236388888888889,0,0.0
rickiepark,0,0,1,1,12.0,9.231388888888889,0,0.0
dvignesh1995,0,0,1,1,3.0,2.57,0,0.0
tvdboom,0,0,1,1,45.0,13.865277777777777,0,0.0
felixjchen,0,0,1,0,40.0,0.0,0,0.0
tmct,0,0,1,1,2.0,4.033611111111111,0,0.0
Sandro Ephrem,2,117,0,0,0.0,0.0,0,0.0
tiaversa,0,0,1,0,3.0,0.0,0,0.0
bishyboi,0,0,1,0,7.0,0.0,0,0.0
SabriDW,0,0,3,3,11.666666666666666,4.964351851851853,0,0.0
gittar,0,0,1,1,19.0,19.314166666666665,0,0.0
humahn,1,2,0,0,0.0,0.0,0,0.0
Gleb Levitskiy,1,7,0,0,0.0,0.0,0,0.0
veeara282,0,0,2,1,8.0,23.534166666666668,0,0.0
Louis Fouquet,4,602,0,0,0.0,0.0,0,0.0
mdarii,1,10,2,1,5.0,13.204166666666667,0,0.0
crownbrown,0,0,2,0,607.0,0.0,0,0.0
Freed-Wu,0,0,2,0,340.0,0.0,0,0.0
chagaz,0,0,2,2,37.5,9.588055555555556,0,0.0
Daniel Schmitz,1,24,0,0,0.0,0.0,0,0.0
Erich Schubert,2,44,0,0,0.0,0.0,0,0.0
Matt Haberland,1,13,0,0,0.0,0.0,0,0.0
kasmith11,0,0,5,3,84.2,14.743611111111113,0,0.0
Bernd Fritzke,1,19,0,0,0.0,0.0,0,0.0
Nightwalkx,1,2,0,0,0.0,0.0,0,0.0
dsblank,0,0,1,0,22.0,0.0,0,0.0
Iglesys347,0,0,3,2,2.3333333333333335,11.828055555555556,0,0.0
Štěpán Sršeň,2,17,0,0,0.0,0.0,0,0.0
alfaro96,0,0,2,1,3.0,10.093333333333334,0,0.0
Harutaka Kawamura,6,418,0,0,0.0,0.0,0,0.0
Isaack Mungui,1,3,0,0,0.0,0.0,0,0.0
jayasuryajsk,0,0,3,1,15057.0,5.338611111111111,0,0.0
MKDJr,0,0,1,1,2.0,15.193055555555556,0,0.0
Lukáš Folwarczný,1,4,0,0,0.0,0.0,0,0.0
MikiPWata,0,0,3,2,32.0,15.11986111111111,0,0.0
checkdgt,0,0,1,0,69.0,0.0,0,0.0
Malte S. Kurz,2,43,0,0,0.0,0.0,0,0.0
Jérôme Dockès,8,1499,0,0,0.0,0.0,0,0.0
nvd1en,0,0,1,1,14.0,0.9477777777777778,0,0.0
mandjevant,8,130,0,0,0.0,0.0,0,0.0
IvanLauLinTiong,0,0,2,1,25.0,21.690277777777776,0,0.0
poetair,0,0,1,0,4.0,0.0,0,0.0
JihaneBennis,0,0,2,2,98.5,12.035277777777777,0,0.0
vitaliset,0,0,11,7,162.36363636363637,6.339047619047618,0,0.0
trinhcon,0,0,1,0,41.0,0.0,0,0.0
thesahibnanda,0,0,2,0,475.5,0.0,0,0.0
Alexandr Fonari,1,39,0,0,0.0,0.0,0,0.0
alielkassas,0,0,1,1,3.0,13.99611111111111,0,0.0
JanFidor,2,36,2,2,18.0,19.000833333333333,0,0.0
blitchj,0,0,2,0,58.5,0.0,0,0.0
kno10,0,0,2,1,857.0,5.339722222222222,0,0.0
vijethmoudgalya,0,0,1,1,6.0,23.545833333333334,0,0.0
Conner Shen,1,64,0,0,0.0,0.0,0,0.0
Michelle Paradis,1,14,0,0,0.0,0.0,0,0.0
Priyank Shroff,1,5,0,0,0.0,0.0,0,0.0
ThomAub,0,0,1,1,12.0,2.13,0,0.0
Weyb,1,13,0,0,0.0,0.0,0,0.0
Tamires Santana,1,3,0,0,0.0,0.0,0,0.0
rgommers,0,0,3,3,65.33333333333333,6.337037037037038,0,0.0
DominicFox,0,0,1,1,10.0,2.2488888888888887,0,0.0
amueller,0,0,1,1,2.0,1.4766666666666666,0,0.0
aidan-jackson-data,0,0,1,0,22.0,0.0,0,0.0
Florian Idelberger,1,2,0,0,0.0,0.0,0,0.0
Ido M,1,5,0,0,0.0,0.0,0,0.0
Julien Jerphanion,126,24950,0,0,0.0,0.0,0,0.0
Vicente Reyes-Puerta,4,208,0,0,0.0,0.0,0,0.0
BHolmes92,0,0,1,1,12.0,16.5775,0,0.0
HuiyiWang12,0,0,1,0,233.0,0.0,0,0.0
Ugo Marchand,1,3,0,0,0.0,0.0,0,0.0
gregorystrubel,1,36,0,0,0.0,0.0,0,0.0
bpkroth,0,0,2,0,5.0,0.0,0,0.0
stes,0,0,2,1,134.0,0.91,0,0.0
MaxHalford,0,0,1,1,11.0,5.960277777777778,0,0.0
Jiang15,0,0,0,0,0.0,0.0,1,8.261666666666667
Patrick Ferreira,1,60,0,0,0.0,0.0,0,0.0
Marvvxi,0,0,2,1,30.5,0.2813888888888889,0,0.0
pedroilidio,0,0,1,0,197.0,0.0,0,0.0
Ganesh Tata,2,79,0,0,0.0,0.0,0,0.0
patrickkwang,0,0,1,1,103.0,0.06166666666666667,0,0.0
Nate Parsons,1,2,0,0,0.0,0.0,0,0.0
romanlutz,0,0,1,1,2.0,16.41611111111111,0,0.0
varchasgopalaswamy,0,0,1,0,29.0,0.0,0,0.0
Shubhal Gupta,1,4,0,0,0.0,0.0,0,0.0
Mohamed Khoualed,1,310,0,0,0.0,0.0,0,0.0
2357juan,7,107,8,7,14.125,10.412420634920636,0,0.0
svenstehle,0,0,7,5,60.142857142857146,11.507611111111112,0,0.0
CloseChoice,0,0,4,2,17.0,2.3744444444444444,0,0.0
lingyigt,0,0,2,1,23.0,21.14361111111111,0,0.0
Brandon TH Chen,1,11,0,0,0.0,0.0,0,0.0
Robert Pollak,1,1,0,0,0.0,0.0,0,0.0
inclusive-coding-bot,0,0,1,1,2.0,2.948888888888889,0,0.0
LostBenjamin,0,0,1,0,2.0,0.0,0,0.0
Dominik Prodinger,1,4,0,0,0.0,0.0,0,0.0
AugustVesterbacka,0,0,1,0,1.0,0.0,0,0.0
Alexander Al-Feghali,1,0,0,0,0.0,0.0,0,0.0
Hashcode-Ankit,0,0,3,2,16.0,4.595555555555556,0,0.0
laurburke,0,0,1,1,57.0,18.004166666666666,0,0.0
ryanking13,0,0,1,1,4.0,2.6794444444444445,0,0.0
Kishan-Ved,0,0,2,1,34.0,23.68861111111111,0,0.0
Luiz Eduardo Amaral,2,22,0,0,0.0,0.0,0,0.0
PierreAttard,1,51,0,0,0.0,0.0,0,0.0
MarcusFra,0,0,1,1,14.0,19.038055555555555,0,0.0
njj67229,0,0,1,1,194.0,15.768333333333333,0,0.0
mecopur,1,4,1,1,4.0,2.9155555555555557,0,0.0
Veghit,3,98,5,3,119.8,15.11648148148148,0,0.0
Erwan Le Floch,1,6,0,0,0.0,0.0,0,0.0
wmin401,0,0,1,0,70.0,0.0,0,0.0
francesco-tuveri,1,22,1,1,22.0,0.37722222222222224,0,0.0
aditya-anulekh,0,0,1,1,2.0,5.478611111111111,0,0.0
Xunius,1,2,1,1,2.0,1.0258333333333334,0,0.0
charles-zablit,0,0,1,1,4.0,22.756666666666668,0,0.0
Oyindamola Olatunji,2,3,0,0,0.0,0.0,0,0.0
Maxwell Liu,1,89,0,0,0.0,0.0,0,0.0
ricardojnf,1,36,0,0,0.0,0.0,0,0.0
Leonardo Rocco,1,51,0,0,0.0,0.0,0,0.0
SangamSwadiK,0,0,13,12,44.92307692307692,9.731898148148149,0,0.0
Nathan Jacobi,1,194,0,0,0.0,0.0,0,0.0
virchan,1,4,4,1,500.5,3.0716666666666668,0,0.0
yoch,1,24,0,0,0.0,0.0,0,0.0
NartayXD,1,104,1,1,104.0,17.098055555555554,0,0.0
olvard,0,0,1,0,7.0,0.0,0,0.0
Drew Craeton,1,25,0,0,0.0,0.0,0,0.0
Daniela Fernandes,11,116,0,0,0.0,0.0,0,0.0
Arth,2,24,0,0,0.0,0.0,0,0.0
Artem Kislovskiy,2,68,0,0,0.0,0.0,0,0.0
99991,0,0,1,1,2.0,19.89527777777778,0,0.0
Ben Holmes,1,12,0,0,0.0,0.0,0,0.0
maksymborukh,0,0,1,1,9.0,2.305277777777778,0,0.0
DuarteSJ,0,0,3,1,12.666666666666666,21.999444444444446,0,0.0
Thomas J. Fan,490,174533,0,0,0.0,0.0,0,0.0
baam,16,463,0,0,0.0,0.0,0,0.0
Brett Cannon,1,4,0,0,0.0,0.0,0,0.0
J-Enblom,0,0,1,1,3.0,1.7775,0,0.0
Vladimir Fokow,1,14,0,0,0.0,0.0,0,0.0
sakinaOuisrani,2,38,3,2,18.333333333333332,2.074027777777778,0,0.0
Rehan Guha,1,2,0,0,0.0,0.0,0,0.0
je-kr,1,19,2,1,16.5,23.074166666666667,0,0.0
Haidar Almubarak,1,87,0,0,0.0,0.0,0,0.0
akaashp2000,0,0,2,0,30.5,0.0,0,0.0
Richard Klima,1,41,0,0,0.0,0.0,0,0.0
divakshu04,0,0,2,0,37.5,0.0,0,0.0
Nebula1230,0,0,3,0,272.3333333333333,0.0,0,0.0
David Poznik,2,9,0,0,0.0,0.0,0,0.0
eliknat,0,0,1,0,2.0,0.0,0,0.0
notPlancha,1,15,1,1,15.0,14.314444444444444,0,0.0
Gleb Levitski,10,1057,0,0,0.0,0.0,0,0.0
htsedebenham,2,133,2,2,66.5,0.6306944444444444,0,0.0
Rocco Meli,15,1439,0,0,0.0,0.0,0,0.0
tejasmr,0,0,1,0,7.0,0.0,0,0.0
scikit-learn-bot,138,8525,152,138,78.40789473684211,4.974474637681161,0,0.0
Stefanie Senger,52,6575,0,0,0.0,0.0,0,0.0
Alihan Zihna,8,1233,0,0,0.0,0.0,0,0.0
Apostolos Tsetoglou,3,21,0,0,0.0,0.0,0,0.0
mayer79,0,0,3,1,287.0,5.819166666666667,0,0.0
Ashwin Mathur,14,783,0,0,0.0,0.0,0,0.0
jovan-stojanovic,0,0,2,1,449.5,5.3341666666666665,0,0.0
nwzish,0,0,1,1,23.0,11.370555555555555,0,0.0
ctw,0,0,1,1,8.0,1.0625,0,0.0
Mark Elliot,1,64,0,0,0.0,0.0,0,0.0
cdrig,4,43,5,4,11.2,6.924930555555555,0,0.0
dymil,1,2,1,1,2.0,1.1594444444444445,0,0.0
davidleon123,1,304,1,1,306.0,11.686944444444444,0,0.0
awwwyan,1,6,0,0,0.0,0.0,0,0.0
JochenSiegWork,0,0,1,0,218.0,0.0,0,0.0
Shoaib Khan,1,183,0,0,0.0,0.0,0,0.0
NNLNR,1,7,0,0,0.0,0.0,0,0.0
Shruti Nath,2,380,0,0,0.0,0.0,0,0.0
matiasrvazquez,0,0,3,3,9.0,2.5567592592592594,0,0.0
thijs-vanweezel,0,0,1,1,34.0,5.440833333333333,0,0.0
jcainey,0,0,1,1,3.0,19.175833333333333,0,0.0
brandonthchen,0,0,1,1,11.0,23.910833333333333,0,0.0
iteachmachines,0,0,1,1,2.0,12.646944444444445,0,0.0
bioruffo,0,0,1,1,2.0,1.0666666666666667,1,22.219166666666666
Nikita Jare,1,2,0,0,0.0,0.0,0,0.0
gunkaynar,0,0,1,0,4.0,0.0,0,0.0
erlefloch,0,0,1,1,6.0,22.232777777777777,0,0.0
AnmoleBajwa,0,0,2,0,14.0,0.0,0,0.0
DerWeh,2,22,2,2,11.0,8.751666666666667,0,0.0
Kennedy Waweru,1,3,0,0,0.0,0.0,0,0.0
Joshua Choo Yun Keat,2,47,0,0,0.0,0.0,0,0.0
davidcherney,0,0,3,1,22.666666666666668,19.63,0,0.0
magnusbarata,0,0,1,1,36.0,9.689722222222223,0,0.0
MrinalTyagi,3,135,0,0,0.0,0.0,0,0.0
Luciano Mantovani,1,3,0,0,0.0,0.0,0,0.0
kmatt10,1,6,0,0,0.0,0.0,0,0.0
John Hopfensperger,2,28,0,0,0.0,0.0,0,0.0
ndamclean,0,0,1,0,14.0,0.0,0,0.0
lsorber,0,0,1,0,39.0,0.0,0,0.0
Isedowo-Joseph,0,0,1,0,1.0,0.0,0,0.0
thatgeeman,0,0,2,2,12.5,21.452083333333334,0,0.0
Abhishek Singh Kushwah,4,129,0,0,0.0,0.0,0,0.0
João David,1,24,0,0,0.0,0.0,0,0.0
Joshua Hedlund,2,30,0,0,0.0,0.0,0,0.0
Tomohiro Endo,1,18,0,0,0.0,0.0,0,0.0
Andrew Delong,1,146,0,0,0.0,0.0,0,0.0
futurewarning,1,2,1,1,2.0,1.1997222222222221,0,0.0
Sumit Saha,1,27,0,0,0.0,0.0,0,0.0
Rahap-Vision,0,0,1,0,2.0,0.0,0,0.0
r-barnes,0,0,1,1,6.0,3.6286111111111112,0,0.0
renaissance0ne,1,7,4,1,142.5,13.359166666666667,0,0.0
Valentin-Laurent,0,0,3,3,115.0,12.470555555555556,0,0.0
John Enblom,1,3,0,0,0.0,0.0,0,0.0
Pooja Subramaniam,4,74,0,0,0.0,0.0,0,0.0
jeremiedbb,0,0,306,286,338.38235294117646,9.304939782439781,0,0.0
YassineBenAbderrahmane,0,0,1,0,3241.0,0.0,0,0.0
robna,0,0,1,1,2.0,7.271388888888889,0,0.0
Emiko Sano,1,2,0,0,0.0,0.0,0,0.0
ParthSolanki1,0,0,2,0,44.0,0.0,0,0.0
cindy-x-liang,0,0,1,1,21.0,14.116666666666667,0,0.0
menta78,0,0,1,0,55.0,0.0,0,0.0
dromeropa,0,0,1,0,11.0,0.0,0,0.0
Hao Chun Chang,6,448,0,0,0.0,0.0,0,0.0
Iwona Zdzieblo,1,3,0,0,0.0,0.0,0,0.0
Ben3940,3,24,4,3,9.5,12.012500000000001,0,0.0
Cindy Liang,1,21,0,0,0.0,0.0,0,0.0
drewhogg,1,131,1,1,131.0,16.449166666666667,0,0.0
saxenapriyansh,0,0,1,0,58.0,0.0,0,0.0
dlindqu3,0,0,1,1,2.0,10.892222222222221,0,0.0
Roberto Rosati,1,2,0,0,0.0,0.0,0,0.0
Michael Flaks,1,95,0,0,0.0,0.0,0,0.0
philsupertramp,0,0,1,1,3.0,21.17972222222222,0,0.0
sply88,4,43,2,0,82.0,0.0,0,0.0
VladimirFokow,0,0,1,1,14.0,17.79611111111111,0,0.0
krstopro,0,0,1,1,43.0,17.981944444444444,0,0.0
Vikas Vishwakarma,2,34,0,0,0.0,0.0,0,0.0
Pandata,1,2,0,0,0.0,0.0,0,0.0
Lars,1,2,0,0,0.0,0.0,0,0.0
Sandip Dutta,1,29,0,0,0.0,0.0,0,0.0
Iglesys,2,6,0,0,0.0,0.0,0,0.0
Nolan,1,34,0,0,0.0,0.0,0,0.0
ManuelLabbe,0,0,1,1,11.0,23.16611111111111,0,0.0
Joseph Schwartz-Messing,1,2,0,0,0.0,0.0,0,0.0
Jon Haitz Legarreta Gorroño,1,3,0,0,0.0,0.0,0,0.0
SANJAI_3,1,12,0,0,0.0,0.0,0,0.0
Jessicakk0711,1,8,1,1,8.0,10.561388888888889,0,0.0
stanFurrer,0,0,1,0,40.0,0.0,0,0.0
NishantBaheti,0,0,1,0,144.0,0.0,0,0.0
Yusuf Raji,1,3,0,0,0.0,0.0,0,0.0
YoshitakaNaraoka,0,0,1,0,519.0,0.0,0,0.0
Chiara Marmo,32,2428,0,0,0.0,0.0,0,0.0
Alek Lefebvre,1,62,0,0,0.0,0.0,0,0.0
MSchmidt99,0,0,1,0,394.0,0.0,0,0.0
Oliver Pfaffel,1,144,0,0,0.0,0.0,0,0.0
awiswasi,0,0,1,0,15.0,0.0,0,0.0
karthic25,0,0,0,0,0.0,0.0,1,5.104166666666667
work-mohit,0,0,12,11,48.0,18.61916666666667,0,0.0
Barata Tripramudya Onggo,1,36,0,0,0.0,0.0,0,0.0
Dave Eargle,1,6,0,0,0.0,0.0,0,0.0
chalulu,1,125,1,1,125.0,4.050833333333333,0,0.0
MarcoM,1,37,0,0,0.0,0.0,0,0.0
hswong3i,0,0,1,0,20.0,0.0,0,0.0
Kranthi Sedamaki,1,4,0,0,0.0,0.0,0,0.0
tingshanL,0,0,1,0,698.0,0.0,0,0.0
DUONG,1,45,0,0,0.0,0.0,0,0.0
jakirkham,2,30,3,2,15.333333333333334,16.41027777777778,0,0.0
Geevarghese George,2,25,0,0,0.0,0.0,0,0.0
Jihane,2,197,0,0,0.0,0.0,0,0.0
Pieter Gijsbers,1,13,0,0,0.0,0.0,0,0.0
sortofamudkip,0,0,14,13,17.5,11.705747863247863,0,0.0
Akash Srivastava,1,4,0,0,0.0,0.0,0,0.0
Chalmer Lowe,1,8,0,0,0.0,0.0,0,0.0
randolf-scholz,0,0,1,1,22.0,22.949166666666667,0,0.0
Jannik,1,2,0,0,0.0,0.0,0,0.0
Clément Verrier,3,44,0,0,0.0,0.0,0,0.0
ansolesen,0,0,1,0,4.0,0.0,0,0.0
cclauss,0,0,1,1,2.0,21.41861111111111,0,0.0
iasoon,6,95,6,6,15.833333333333334,17.2399537037037,0,0.0
Niket Jain,1,15,0,0,0.0,0.0,0,0.0
adam2392,0,0,51,30,680.7058823529412,14.400361111111112,0,0.0
dzisandy,0,0,5,2,11.2,8.328333333333333,0,0.0
makoeppel,0,0,1,0,29.0,0.0,0,0.0
Kento Nozawa,1,2,0,0,0.0,0.0,0,0.0
niranjankrishna-acad,0,0,2,0,384.0,0.0,0,0.0
Ying Xiong,1,128,0,0,0.0,0.0,0,0.0
hahyeongnam,0,0,1,0,1.0,0.0,0,0.0
Alan Peixinho,1,7,0,0,0.0,0.0,0,0.0
lesnee,1,5,1,1,5.0,6.763888888888889,0,0.0
prince-c11,0,0,1,0,2.0,0.0,0,0.0
Jennifer Maldonado,3,39,0,0,0.0,0.0,0,0.0
Chad Parmet,1,2,0,0,0.0,0.0,0,0.0
vreyespue,0,0,4,4,52.0,11.382569444444446,0,0.0
AJ Druck,1,3,0,0,0.0,0.0,0,0.0
marenwestermann,0,0,21,20,26.333333333333332,10.732180555555555,0,0.0
artificialfintelligence,0,0,1,1,43.0,8.926111111111112,1,16.5175
Sebastian Flores,1,51,0,0,0.0,0.0,0,0.0
Audrey Flanders,2,2,0,0,0.0,0.0,0,0.0
Alexlandeau,0,0,1,1,232.0,2.718611111111111,0,0.0
Guillaume Lemaitre,385,48388,0,0,0.0,0.0,0,0.0
irene000,0,0,4,2,20.0,5.677083333333334,0,0.0
Olivier Grisel,168,14280,0,0,0.0,0.0,0,0.0
Bncer,0,0,2,2,82.5,9.319305555555557,0,0.0
michaelmccutchen,0,0,2,2,6.0,12.823055555555555,0,0.0
Dipan Banik,1,11,0,0,0.0,0.0,0,0.0
dinga92,1,2,1,1,2.0,20.53361111111111,0,0.0
pmli,0,0,1,1,21.0,0.7269444444444444,0,0.0
Linus Sommer,6,309,0,0,0.0,0.0,0,0.0
changyaochen,0,0,1,1,2.0,0.9455555555555556,0,0.0
Peter Steinbach,2,19,0,0,0.0,0.0,0,0.0
Cailean Carter,1,6,0,0,0.0,0.0,0,0.0
Kilian Kluge,1,36,0,0,0.0,0.0,0,0.0
A-H-Mansoury,0,0,1,1,14.0,1.1002777777777777,0,0.0
Yang Tao,1,127,0,0,0.0,0.0,0,0.0
thinkcache,0,0,1,1,3.0,13.226666666666667,0,0.0
WaelBKZ,0,0,1,1,2.0,1.113611111111111,0,0.0
ZiadAmerr,0,0,1,1,4.0,0.2708333333333333,0,0.0
dachosen1,0,0,1,1,37.0,9.77138888888889,0,0.0
mtsokol,0,0,9,6,103.0,13.386898148148148,0,0.0
Iranpour-Aryan,0,0,1,0,1.0,0.0,0,0.0
Egehan Gunduz,2,67,0,0,0.0,0.0,0,0.0
o-holman,1,3,2,1,2.0,0.7822222222222223,0,0.0
marctorsoc,0,0,3,1,386.6666666666667,20.590833333333332,0,0.0
Kislovskiy,0,0,2,2,34.0,4.137222222222222,0,0.0
Arisa,3,34,0,0,0.0,0.0,0,0.0
aleeminati,0,0,1,0,13.0,0.0,0,0.0
cverrier,0,0,3,3,14.666666666666666,1.4645370370370372,0,0.0
Robin Lenz,1,2,0,0,0.0,0.0,0,0.0
Mia Bajić,1,29,0,0,0.0,0.0,0,0.0
dlitsidis,0,0,6,4,14.833333333333334,4.2740277777777775,0,0.0
Harmanankohli,0,0,3,2,17.0,10.154861111111112,0,0.0
marcozzxx810,0,0,1,1,37.0,2.3225,0,0.0
purna135,0,0,4,3,11.5,11.306944444444445,0,0.0
linus-md,0,0,6,6,51.5,12.632314814814817,0,0.0
Behrouz B,1,2,0,0,0.0,0.0,0,0.0
chainesanbuenaventura,0,0,1,0,129.0,0.0,0,0.0
Alberto Rubiales,1,5,0,0,0.0,0.0,0,0.0
Logan Thomas,2,94,0,0,0.0,0.0,0,0.0
emmavdbold,0,0,1,0,4.0,0.0,0,0.0
mmhamdy,0,0,1,1,191.0,9.482777777777779,0,0.0
vinodhkrishnaraju,0,0,2,0,1.5,0.0,1,20.58416666666667
Marco Edward Gorelli,7,510,0,0,0.0,0.0,0,0.0
Shrankhla Srivastava,2,4,0,0,0.0,0.0,0,0.0
Alex Molas,1,2,0,0,0.0,0.0,0,0.0
Yaroslav Halchenko,1,26,0,0,0.0,0.0,0,0.0
Igor Ilic,1,36,0,0,0.0,0.0,0,0.0
Kshitij68,0,0,6,2,86.16666666666667,7.986388888888889,0,0.0
Steffen Schneider,1,2,0,0,0.0,0.0,0,0.0
klaurent83,0,0,1,1,13.0,2.858611111111111,0,0.0
klieret,0,0,1,1,5.0,19.94333333333333,0,0.0
WEN Hao,1,80,0,0,0.0,0.0,0,0.0
John Cant,1,128,0,0,0.0,0.0,0,0.0
alexhallam,0,0,1,0,110.0,0.0,0,0.0
SaadMahm00d,0,0,2,1,181.5,19.36888888888889,0,0.0
Jona Sassenhagen,1,9,0,0,0.0,0.0,0,0.0
lithomas1,0,0,2,1,148.0,3.6077777777777778,0,0.0
AikoChou,0,0,1,1,106.0,4.959722222222222,0,0.0
Venkatachalam N,3,139,0,0,0.0,0.0,0,0.0
gunsodo,0,0,1,0,95.0,0.0,0,0.0
mwurps,0,0,1,1,6.0,5.898888888888889,0,0.0
Diwakar-Gupta,0,0,7,3,39.0,3.673611111111111,0,0.0
Rudresh Veerkhare,1,99,0,0,0.0,0.0,0,0.0
jameslamb,0,0,1,0,24.0,0.0,0,0.0
Estefania Barreto-Ojeda,1,4,0,0,0.0,0.0,0,0.0
AlexanderFabisch,0,0,1,0,674.0,0.0,0,0.0
Valavanca,0,0,2,2,366.5,19.514444444444443,0,0.0
r-matsuzaka,0,0,1,0,440.0,0.0,0,0.0
davitacols,0,0,2,0,164.5,0.0,0,0.0
AlessandroMiola,0,0,2,2,4.0,0.059583333333333335,0,0.0
Emma Carballal,1,5,0,0,0.0,0.0,0,0.0
hasan-yaman,2,8,2,2,4.0,4.359166666666667,0,0.0
nihal-rao,0,0,3,2,37.0,6.887222222222222,0,0.0
zeny07spartan,0,0,1,0,152.0,0.0,0,0.0
ogrisel,0,0,139,109,116.44604316546763,8.925374617737006,4,10.541180555555554
dzahedia,0,0,1,0,25.0,0.0,0,0.0
Carlos Ramos Carreño,1,31,0,0,0.0,0.0,0,0.0
jbenzakoun,0,0,1,0,281.0,0.0,0,0.0
Vineet Joshi,1,32,0,0,0.0,0.0,0,0.0
Martel Corentin,1,10,0,0,0.0,0.0,0,0.0
antoinebaker,1,105,2,1,153.5,6.15,0,0.0
adam-handke,0,0,1,1,2.0,4.855555555555555,0,0.0
PranayAnchuri,1,10,0,0,0.0,0.0,0,0.0
raj-pulapakura,0,0,5,2,135.2,12.72625,0,0.0
oaksharks,0,0,1,0,2.0,0.0,0,0.0
nzw0301,0,0,1,1,2.0,0.2602777777777778,0,0.0
Amar pratap singh,7,186,0,0,0.0,0.0,0,0.0
Shuhei Kayawari,1,182,0,0,0.0,0.0,0,0.0
NimaSarajpoor,0,0,1,1,6.0,18.975,0,0.0
Mizuki,1,2,0,0,0.0,0.0,0,0.0
Shao Yang Hong,6,152,0,0,0.0,0.0,0,0.0
genvalen,62,3193,11,8,56.0,14.649479166666666,0,0.0
AnandPolamarasetti,0,0,1,0,115.0,0.0,0,0.0
Higgs32584,0,0,27,23,27.11111111111111,12.169480676328503,0,0.0
aperezlebel,0,0,4,2,145.75,21.981250000000003,0,0.0
Aniket Patil,1,4,0,0,0.0,0.0,0,0.0
anupamshandilya92,0,0,1,1,112.0,12.275,0,0.0
Shashank1202,0,0,1,0,14.0,0.0,0,0.0
krishnakoumar27,0,0,1,1,75.0,14.626388888888888,0,0.0
mdruiter,0,0,1,1,2.0,6.014166666666667,0,0.0
jelgun,0,0,6,0,2.3333333333333335,0.0,0,0.0
aman kumar,1,5,0,0,0.0,0.0,0,0.0
Michael Mayer,1,17,0,0,0.0,0.0,0,0.0
Meekail Zain,74,9782,0,0,0.0,0.0,0,0.0
jpienaar-tuks,2,20,2,2,10.0,2.4633333333333334,0,0.0
Freakwill,0,0,1,0,41.0,0.0,0,0.0
nihil21,0,0,1,0,74.0,0.0,0,0.0
Adam J. Stewart,2,21,0,0,0.0,0.0,0,0.0
jpauwels,0,0,1,0,6.0,0.0,0,0.0
kanissh,0,0,11,11,5.2727272727272725,7.491010101010099,0,0.0
mchikyt3,0,0,1,1,127.0,19.769444444444446,0,0.0
Will Dean,1,245,0,0,0.0,0.0,0,0.0
Ricardo Peres,1,13,0,0,0.0,0.0,0,0.0
REDVM,0,0,1,0,75004.0,0.0,0,0.0
Mustafa-Hafeez,0,0,1,0,55.0,0.0,0,0.0
Jirka Borovec,1,0,0,0,0.0,0.0,0,0.0
izam-mohammed,0,0,1,0,0.0,0.0,0,0.0
rusdes,0,0,6,5,59.666666666666664,13.148777777777777,0,0.0
agriyakhetarpal,0,0,3,0,160.66666666666666,0.0,0,0.0
DevanshKyada27,1,2,1,1,2.0,1.3116666666666668,0,0.0
kobaski,1,3,0,0,0.0,0.0,0,0.0
Jorge Ciprián,1,3,0,0,0.0,0.0,0,0.0
Noa Malem-Shinitski,2,16,0,0,0.0,0.0,0,0.0
VIGNESH D,1,3,0,0,0.0,0.0,0,0.0
rprkh,0,0,55,46,29.09090909090909,13.345144927536229,0,0.0
MSHelm,0,0,1,1,4.0,4.638055555555556,0,0.0
EdAbati,0,0,17,16,107.3529411764706,12.443211805555556,0,0.0
arifqodari,0,0,2,1,68.0,3.5866666666666664,0,0.0
Christian Lorentzen,126,24784,0,0,0.0,0.0,0,0.0
Joey Ortiz,1,12,0,0,0.0,0.0,0,0.0
Leopoldo Corona,1,8,0,0,0.0,0.0,0,0.0
cavorit,0,0,1,0,148.0,0.0,0,0.0
mirusu400,0,0,1,0,116.0,0.0,0,0.0
Eschivo,0,0,4,3,23.25,7.462037037037036,0,0.0
edgBR,0,0,2,0,257.0,0.0,0,0.0
Yao Xiao,104,14196,0,0,0.0,0.0,0,0.0
UgoM,0,0,2,1,2.5,20.91888888888889,0,0.0
PAB,1,12,0,0,0.0,0.0,0,0.0
Isaac Virshup,2,342,0,0,0.0,0.0,0,0.0
Aisha,1,48,0,0,0.0,0.0,0,0.0
NumberPiOso,0,0,1,1,25.0,18.16583333333333,0,0.0
sqali,0,0,1,1,21.0,16.888333333333332,0,0.0
Ankur Singh,2,4,0,0,0.0,0.0,0,0.0
tspeng,3,28,3,3,9.333333333333334,15.036111111111111,0,0.0
MarcoGorelli,0,0,7,7,72.85714285714286,8.807857142857141,0,0.0
narendrasinghdangi,0,0,3,1,27.333333333333332,2.8130555555555556,2,9.863194444444444
kxytim,1,26,0,0,0.0,0.0,0,0.0
reshamas,0,0,9,8,52.888888888888886,14.790625,0,0.0
steven2358,0,0,1,1,4.0,0.195,0,0.0
Sven Stehle,5,260,0,0,0.0,0.0,0,0.0
EliaSchiavon,3,84,0,0,0.0,0.0,0,0.0
Bharat Raghunathan,13,205,0,0,0.0,0.0,0,0.0
Hristo Vrigazov,1,3,0,0,0.0,0.0,0,0.0
Peter Hull,1,6,0,0,0.0,0.0,0,0.0
dberenbaum,0,0,1,1,156.0,14.30888888888889,0,0.0
sarahaguasvivas,0,0,1,0,39.0,0.0,0,0.0
Lorenz,1,37,0,0,0.0,0.0,0,0.0
richardklima,0,0,1,1,41.0,5.585555555555556,0,0.0
Bsh,1,11,0,0,0.0,0.0,0,0.0
bkhanal4351,0,0,1,0,2.0,0.0,0,0.0
Eden Brekke,1,2,0,0,0.0,0.0,0,0.0
zempleni,3,137,4,3,39.25,12.653981481481482,0,0.0
dikraMasrour,0,0,1,0,138.0,0.0,0,0.0
daveaaditya,0,0,1,0,12056.0,0.0,0,0.0
jpcars,1,2,1,1,2.0,1.1691666666666667,0,0.0
Sabri Monaf Sabri,3,35,0,0,0.0,0.0,0,0.0
01-vyom,0,0,1,1,51.0,5.456666666666667,0,0.0
step21,0,0,1,1,2.0,3.9944444444444445,0,0.0
ravwojdyla,0,0,2,1,18.0,2.0616666666666665,0,0.0
NoPenguinsLand,0,0,1,0,417.0,0.0,0,0.0
Denis,1,2,0,0,0.0,0.0,0,0.0
raisadz,2,244,2,2,122.0,10.680138888888889,0,0.0
MotoBenny,0,0,1,1,2.0,11.576944444444445,0,0.0
w4bo,0,0,1,1,2.0,0.04111111111111111,0,0.0
Mehdi Hamoumi,1,239,0,0,0.0,0.0,0,0.0
harshit5674,1,3,1,1,3.0,15.860277777777778,0,0.0
Roman4oo,1,7,1,1,7.0,7.039722222222222,0,0.0
igeni,0,0,1,0,2.0,0.0,0,0.0
ShoaibKhan,0,0,1,1,183.0,10.043888888888889,0,0.0
Sachin Yadav,1,11,0,0,0.0,0.0,0,0.0
ekaterinabutyugina,0,0,1,1,12.0,16.929166666666667,0,0.0
Tanjina Afroj,1,4,0,0,0.0,0.0,0,0.0
Ali H. El-Kassas,1,3,0,0,0.0,0.0,0,0.0
natank1,0,0,1,0,182.0,0.0,0,0.0
GAURAV CHOUDHARY,1,4,0,0,0.0,0.0,0,0.0
mozgit,0,0,1,1,15.0,1.5877777777777777,0,0.0
kensac,0,0,1,1,2.0,1.0775,0,0.0
espg,0,0,1,1,6.0,8.544722222222223,0,0.0
Aditya Anulekh,1,2,0,0,0.0,0.0,0,0.0
doshi-kevin,0,0,1,0,6.0,0.0,0,0.0
diederikwp,1,90,1,1,90.0,11.926388888888889,0,0.0
Emmanuel Ferdman,1,2,0,0,0.0,0.0,0,0.0
Binesh Bannerjee,1,53,0,0,0.0,0.0,0,0.0
sanjail3,0,0,1,1,12.0,7.018888888888889,0,0.0
anastasia-mikheeva,0,0,1,0,4.0,0.0,0,0.0
David Dale,1,729,0,0,0.0,0.0,0,0.0
SangamSwadik,6,490,0,0,0.0,0.0,0,0.0
Quentin Barthélemy,3,65,0,0,0.0,0.0,0,0.0
xavierbeltran,0,0,5,4,24.4,11.954236111111111,0,0.0
J Alexander,1,35,0,0,0.0,0.0,0,0.0
Randall Boyes,1,4,0,0,0.0,0.0,0,0.0
Kushan Sharma,5,613,0,0,0.0,0.0,0,0.0
adamgonzo,1,8,2,1,8.5,13.484722222222222,0,0.0
Frederick Robinson,1,7,0,0,0.0,0.0,0,0.0
andyscanzio,1,15,1,1,15.0,6.2625,0,0.0
rahulsm27,0,0,1,1,2.0,21.822777777777777,0,0.0
Zach Deane-Mayer,1,43,0,0,0.0,0.0,0,0.0
rsayn,0,0,1,0,228.0,0.0,0,0.0
y-vectorfield,0,0,1,0,8.0,0.0,0,0.0
Sam Adam Day,4,89,0,0,0.0,0.0,0,0.0
Randolf Scholz,1,22,0,0,0.0,0.0,0,0.0
brendo-k,0,0,3,3,34.333333333333336,16.04851851851852,0,0.0
Hideaki Imamura,1,22,0,0,0.0,0.0,0,0.0
Maxwell,35,1305,0,0,0.0,0.0,0,0.0
Christian Veenhuis,16,264,0,0,0.0,0.0,0,0.0
krishna vamsi,2,9,0,0,0.0,0.0,0,0.0
tqa236,0,0,1,0,115.0,0.0,0,0.0
Michael Hornstein,1,8,0,0,0.0,0.0,0,0.0
sec65,1,8,1,1,8.0,3.3786111111111112,0,0.0
aflanders7,0,0,2,2,1.0,3.292361111111111,0,0.0
Julian Chan,1,4,0,0,0.0,0.0,0,0.0
emmanuel-ferdman,0,0,1,1,2.0,3.8422222222222224,0,0.0
markuswnuk91,0,0,1,0,169.0,0.0,0,0.0
Ian Thompson,2,70,0,0,0.0,0.0,0,0.0
KartikeyBartwal,0,0,11,0,447.45454545454544,0.0,0,0.0
slishak,1,2,1,1,2.0,0.12194444444444444,0,0.0
Jordan Silke,5,221,0,0,0.0,0.0,0,0.0
Ray Bell,1,1,0,0,0.0,0.0,0,0.0
Stéphane Collot,1,52,0,0,0.0,0.0,0,0.0
ShehanAT,0,0,8,4,64.125,10.348333333333333,0,0.0
Maascha,1,2,1,1,2.0,1.2122222222222223,0,0.0
Nima Sarajpoor,1,6,0,0,0.0,0.0,0,0.0
Aravindh-Raju,0,0,2,2,3.0,3.0068055555555557,0,0.0
MalteKurz,0,0,1,1,1.0,6.788888888888889,0,0.0
precondition,1,6,1,1,6.0,0.9966666666666667,0,0.0
Priyansh Gupta,1,4,0,0,0.0,0.0,0,0.0
kraktus,1,8,1,1,8.0,15.223888888888888,0,0.0
ouss1508,1,4,2,1,17.5,16.21361111111111,0,0.0
cynddl,0,0,1,0,6.0,0.0,0,0.0
krishh16,0,0,2,0,7.0,0.0,0,0.0
Alexis-IMBERT,0,0,2,1,53.5,3.606388888888889,0,0.0
thomasoliveira,0,0,1,0,10.0,0.0,0,0.0
Joe Cainey,1,3,0,0,0.0,0.0,0,0.0
Lambxx,0,0,1,0,23.0,0.0,0,0.0
mrastgoo,2,132,3,2,46.0,14.202361111111111,0,0.0
Aniket Shirsat,1,3,0,0,0.0,0.0,0,0.0
tbonald,0,0,1,1,2.0,6.434722222222222,0,0.0
david-cortes,1,2,1,1,2.0,0.8494444444444444,0,0.0
Pierre-Yves Le Borgne,1,2,0,0,0.0,0.0,0,0.0
eliaslm,0,0,1,0,81.0,0.0,0,0.0
Cemlyn,1,48,1,1,48.0,15.712777777777777,0,0.0
hvassard,1,110,0,0,0.0,0.0,0,0.0
Dutta-SD,0,0,1,1,29.0,22.82888888888889,0,0.0
itsaphel,1,2,1,1,2.0,9.181666666666667,0,0.0
Davide Chicco,1,8,0,0,0.0,0.0,0,0.0
OGordon100,1,2,0,0,0.0,0.0,0,0.0
yanhong-zhao-ef,1,47,1,1,47.0,14.105277777777777,0,0.0
mingness,0,0,1,0,18.0,0.0,0,0.0
Manuel Labbé,1,11,0,0,0.0,0.0,0,0.0
zvealey,0,0,1,0,126.0,0.0,0,0.0
ArturoAmorQ,0,0,74,65,156.0810810810811,11.496538461538462,1,2.049166666666667
shinehide,1,17,0,0,0.0,0.0,0,0.0
Aditya Raghuwanshi,1,2,0,0,0.0,0.0,0,0.0
priyam kakati,1,2,0,0,0.0,0.0,0,0.0
chrissobel,1,52,0,0,0.0,0.0,0,0.0
Boris Feld,1,2,0,0,0.0,0.0,0,0.0
milliams,0,0,1,0,21.0,0.0,0,0.0
adoublet,1,9,1,1,9.0,22.949444444444445,0,0.0
farhan khan,1,30,0,0,0.0,0.0,0,0.0
chiensen,0,0,1,0,2.0,0.0,0,0.0
Thomas Bonald,1,2,0,0,0.0,0.0,0,0.0
mohblnk,0,0,1,0,2.0,0.0,0,0.0
edenies,0,0,3,3,4.666666666666667,1.638333333333333,0,0.0
m. bou,1,6,0,0,0.0,0.0,0,0.0
obielin,0,0,2,0,69.5,0.0,0,0.0
LucieClair,1,4,0,0,0.0,0.0,0,0.0
timohromadka,0,0,1,0,7.0,0.0,0,0.0
piebro,0,0,1,1,2.0,1.7469444444444444,0,0.0
paularilo,0,0,1,0,77.0,0.0,0,0.0
Dmitry Nesterov,5,175,0,0,0.0,0.0,0,0.0
snath-xoc,0,0,4,2,154.5,8.434444444444445,0,0.0
samanemami,0,0,4,1,9.5,4.198888888888889,0,0.0
likeajumprope,0,0,1,1,9.0,0.9261111111111111,0,0.0
BardiyaAk,0,0,1,1,1.0,20.291944444444443,0,0.0
ghost,0,0,24,22,20.416666666666668,13.649734848484844,0,0.0
Naman Dhingra,3,73,0,0,0.0,0.0,0,0.0
madinak,1,22,1,1,22.0,12.803055555555556,0,0.0
Ankit Sharma,2,24,0,0,0.0,0.0,0,0.0
norgera,0,0,2,1,108.0,22.74888888888889,0,0.0
Shivachauhan17,0,0,8,4,18.0,7.220138888888888,0,0.0
Michael Higgins,23,625,0,0,0.0,0.0,0,0.0
Guitared,1,2,0,0,0.0,0.0,0,0.0
maresb,0,0,1,1,6.0,14.443888888888889,0,0.0
arcAman07,0,0,1,1,2.0,1.1352777777777778,0,0.0
Thomas Roehr,1,10,0,0,0.0,0.0,0,0.0
anuravmodakOSC,0,0,1,0,12.0,0.0,0,0.0
iuiu34,0,0,1,0,98.0,0.0,0,0.0
JSchuerz,1,206,1,1,206.0,22.790555555555557,0,0.0
ceddy4395,0,0,1,0,24.0,0.0,0,0.0
Kilian Lieret,1,5,0,0,0.0,0.0,0,0.0
pli482004,0,0,1,1,24.0,6.0152777777777775,0,0.0
Haesun Park,1,12,0,0,0.0,0.0,0,0.0
Koustav Ghosh,1,40,0,0,0.0,0.0,0,0.0
Jay Stanley,1,61,0,0,0.0,0.0,0,0.0
EricEllwanger,10,337,0,0,0.0,0.0,0,0.0
mknz,0,0,2,1,81.0,16.850555555555555,0,0.0
stepan-srsen,0,0,2,2,8.5,2.31,0,0.0
Deepyaman Datta,2,26,0,0,0.0,0.0,0,0.0
Yotam Avidar-Constantini,1,24,0,0,0.0,0.0,0,0.0
Nass779,0,0,1,1,41.0,21.793055555555554,0,0.0
wullli,0,0,1,0,37.0,0.0,0,0.0
maximeSaur,1,41,1,1,41.0,20.8925,0,0.0
yiyangq,3,23,3,3,7.666666666666667,15.064907407407409,0,0.0
Hong Xiang Yue,1,31,0,0,0.0,0.0,0,0.0
Raphael,1,117,0,0,0.0,0.0,0,0.0
boraxpr,0,0,2,2,8.0,5.104444444444445,0,0.0
Inclusive Coding Bot,1,2,0,0,0.0,0.0,0,0.0
David Gilbertson,18,96,0,0,0.0,0.0,0,0.0
Patrick Wang,1,103,0,0,0.0,0.0,0,0.0
shrankhla20,0,0,2,2,2.0,1.6279166666666667,0,0.0
sashkaw,0,0,2,1,17.0,15.311388888888889,0,0.0
Eleanore Denies,3,14,0,0,0.0,0.0,0,0.0
Ayan Bag,1,5,0,0,0.0,0.0,0,0.0
noashin,0,0,2,2,8.0,1.3994444444444443,0,0.0
Sean Benhur J,1,15,0,0,0.0,0.0,0,0.0
Kshitij Kapadni,1,10,0,0,0.0,0.0,0,0.0
deargle,0,0,1,1,6.0,17.09611111111111,0,0.0
aycignl,0,0,1,1,3.0,18.898611111111112,0,0.0
amghazanfari,0,0,1,0,75.0,0.0,0,0.0
Sultan Orazbayev,1,200,0,0,0.0,0.0,0,0.0
Puneeth K,6,255,0,0,0.0,0.0,0,0.0
Sylvain Marié,2,1437,0,0,0.0,0.0,0,0.0
Nic Annau,1,12,0,0,0.0,0.0,0,0.0
Azariagmt,0,0,1,1,13.0,19.819444444444443,0,0.0
Advik Sinha,1,17,0,0,0.0,0.0,0,0.0
harupy,0,0,1,0,47.0,0.0,0,0.0
Tim P,1,4,0,0,0.0,0.0,0,0.0
Amit,1,6,0,0,0.0,0.0,0,0.0
tataganesh,0,0,2,2,39.5,8.234444444444446,0,0.0
Linus,1,8,0,0,0.0,0.0,0,0.0
Vladimir Chernyy,1,2,0,0,0.0,0.0,0,0.0
khanm253,0,0,2,0,1472.5,0.0,0,0.0
fractionalhare,0,0,1,0,425.0,0.0,0,0.0
Frankie Robertson,1,16,0,0,0.0,0.0,0,0.0
Elabonga Atuo,2,19,0,0,0.0,0.0,0,0.0
Nanshan Li,2,53,0,0,0.0,0.0,0,0.0
BBloggsbott,0,0,2,1,13.0,2.6655555555555557,0,0.0
feraidon99,0,0,1,0,3.0,0.0,0,0.0
isaac-chung,0,0,1,0,2.0,0.0,0,0.0
kaczmarj,0,0,1,1,2.0,19.091666666666665,0,0.0
brunnelu,0,0,1,0,32.0,0.0,0,0.0
Ekaterina Butyugina,1,12,0,0,0.0,0.0,0,0.0
Filip Karlo Došilović,8,550,0,0,0.0,0.0,0,0.0
Jaya Surya Kommireddy,1,12,0,0,0.0,0.0,0,0.0
Chitteti Srinath Reddy,1,8,0,0,0.0,0.0,0,0.0
rjuer,0,0,3,2,6.0,22.772222222222222,0,0.0
leo-mazz,0,0,1,0,10.0,0.0,0,0.0
mohammedouahman,0,0,1,0,1.0,0.0,0,0.0
danieleongari,0,0,1,1,89.0,14.855833333333333,0,0.0
mike-altonji,0,0,1,0,36.0,0.0,0,0.0
Hannah Bohle,2,76,0,0,0.0,0.0,0,0.0
Mark Harfouche,1,1,0,0,0.0,0.0,0,0.0
Mathis Batoul,2,345,0,0,0.0,0.0,0,0.0
Nithish Bolleddula,2,226,0,0,0.0,0.0,0,0.0
raph333,0,0,2,1,59.5,20.819166666666668,0,0.0
eskayML,0,0,1,0,5.0,0.0,0,0.0
Krsto Proroković,1,43,0,0,0.0,0.0,0,0.0
Nikolay Petrov,1,29,0,0,0.0,0.0,0,0.0
ArturoAmor,1,34,0,0,0.0,0.0,0,0.0
anntzer,0,0,2,1,8.0,0.9958333333333333,0,0.0
Siddhant-K-code,0,0,1,0,147.0,0.0,0,0.0
wattai,1,41,1,1,41.0,4.758333333333334,0,0.0
Shubham,1,47,0,0,0.0,0.0,0,0.0
vjoshi253,0,0,3,1,17.333333333333332,22.940833333333334,0,0.0
Vincent-violet,1,6,1,1,6.0,15.395,0,0.0
JosephBARBIERDARNAL,0,0,2,0,398.0,0.0,0,0.0
nbrown-ScottLogic,1,4,1,1,4.0,23.894166666666667,0,0.0
Eduardo Jardim,1,4,0,0,0.0,0.0,0,0.0
MaximSmolskiy,0,0,6,6,3.6666666666666665,10.073611111111111,0,0.0
Tom McTiernan,1,2,0,0,0.0,0.0,0,0.0
Thomas A Caswell,1,4,0,0,0.0,0.0,0,0.0
Christoph T. Weidemann,1,8,0,0,0.0,0.0,0,0.0
Geoffrey-Paris,1,19,0,0,0.0,0.0,0,0.0
christopherlim98,1,21,0,0,0.0,0.0,0,0.0
kots14,0,0,1,1,40.0,23.065,0,0.0
sirbobthemarvelous,0,0,1,0,16.0,0.0,0,0.0
kungfudeuce,0,0,1,1,5.0,1.1569444444444446,0,0.0
Jack Bowyer,1,4,0,0,0.0,0.0,0,0.0
maikia,0,0,7,7,14.285714285714286,10.236587301587303,0,0.0
lorentzbao,0,0,5,5,33.6,11.737944444444443,0,0.0
Ken4git,1,17,0,0,0.0,0.0,0,0.0
Simon,1,269,0,0,0.0,0.0,0,0.0
jayant1554,0,0,1,0,66.0,0.0,0,0.0
Carlo Lemos,3,796,0,0,0.0,0.0,0,0.0
Valentin Laurent,3,345,0,0,0.0,0.0,0,0.0
Gabriel S Vicente,5,61,0,0,0.0,0.0,0,0.0
Rishabh,1,18,0,0,0.0,0.0,0,0.0
duongb,0,0,1,1,45.0,4.378333333333333,0,0.0
fsiola,0,0,1,1,63.0,2.0555555555555554,0,0.0
muhammadanas0716,0,0,2,0,7.0,0.0,0,0.0
pplonski,0,0,1,1,4.0,17.275,0,0.0
ashah002,3,69,3,3,23.0,11.804722222222223,0,0.0
Francois Berenger,1,2,0,0,0.0,0.0,0,0.0
seberg,0,0,2,2,60.0,9.370833333333334,0,0.0
gsiisg,0,0,2,0,28.5,0.0,0,0.0
elgunjabrayilzade,0,0,1,0,2.0,0.0,0,0.0
mirand863,0,0,1,0,12.0,0.0,0,0.0
moritzwilksch,0,0,1,1,314.0,23.495555555555555,0,0.0
keyber,1,3,1,1,3.0,22.69,0,0.0
yangyangdotcom,0,0,1,0,1.0,0.0,0,0.0
Misa Ogura,1,3,0,0,0.0,0.0,0,0.0
mathurinm,8,110,6,6,10.5,5.002592592592593,0,0.0
lexmsl,0,0,3,2,4.333333333333333,11.170555555555556,0,0.0
Charlie-XIAO,0,0,138,121,591.963768115942,11.34590449954086,7,11.74952380952381
Jesse Lima,4,174,0,0,0.0,0.0,0,0.0
Juan Martin Loyola,61,2592,0,0,0.0,0.0,0,0.0
jtracy3,0,0,1,0,7.0,0.0,0,0.0
Kevin Roice,1,183,0,0,0.0,0.0,0,0.0
Richard Barnes,1,6,0,0,0.0,0.0,0,0.0
annegnx,1,2,1,1,2.0,5.438888888888889,0,0.0
Vince Carey,1,7,0,0,0.0,0.0,0,0.0
albertotb,0,0,1,1,84.0,23.295833333333334,0,0.0
raviselker,0,0,1,0,27.0,0.0,0,0.0
Yuusuke Hiramatsu,2,36,0,0,0.0,0.0,0,0.0
Jarrod Millman,1,10,0,0,0.0,0.0,0,0.0
elindgren,0,0,1,0,414.0,0.0,0,0.0
Koushik Joshi,1,6,0,0,0.0,0.0,0,0.0
philipp-jung,0,0,1,1,19.0,20.704722222222223,0,0.0
Safiuddin Khaja,1,53,0,0,0.0,0.0,0,0.0
Haoying Zhang,1,29,0,0,0.0,0.0,0,0.0
hujiahong726,1,30,1,1,30.0,9.674444444444445,0,0.0
Ilya Komarov,1,15,0,0,0.0,0.0,0,0.0
srdjan-scepanovic,0,0,1,0,0.0,0.0,0,0.0
naman1608,0,0,5,3,22.4,12.46648148148148,0,0.0
choo8,0,0,2,2,23.5,18.601666666666667,0,0.0
osman tamer,1,22,0,0,0.0,0.0,0,0.0
joseortiz3,0,0,1,1,12.0,22.77638888888889,0,0.0
Yu Feng,1,3,0,0,0.0,0.0,0,0.0
MLIvako,0,0,1,0,6.0,0.0,0,0.0
ZeyuSun,1,3,0,0,0.0,0.0,0,0.0
joaocmd,0,0,2,1,14.0,20.166944444444443,0,0.0
shubhamparmar1,0,0,3,1,56.333333333333336,2.43,0,0.0
manasimj,1,7,1,1,7.0,21.844166666666666,0,0.0
Mansi Agrawal,2,12,0,0,0.0,0.0,0,0.0
Shubhraneel Pal,1,95,0,0,0.0,0.0,0,0.0
Vera Komeyer,3,121,0,0,0.0,0.0,0,0.0
avm19,6,110,7,6,250.42857142857142,9.13037037037037,0,0.0
mathieu-sabatier,0,0,2,2,4.5,10.508333333333333,0,0.0
lverweijen,0,0,1,0,58.0,0.0,0,0.0
Andreas Mueller,3,44,0,0,0.0,0.0,0,0.0
Guillermo Tomás Fernández Martín,1,9,0,0,0.0,0.0,0,0.0
Thomas,1,12,0,0,0.0,0.0,0,0.0
Steve Schmerler,1,35,0,0,0.0,0.0,0,0.0
Chloe-Agathe Azencott,2,75,0,0,0.0,0.0,0,0.0
YanisLalou,0,0,1,0,3.0,0.0,0,0.0
mariokostelac,0,0,1,1,78.0,20.285833333333333,0,0.0
Anurag-Varma,0,0,2,1,43.0,17.806944444444444,1,13.627777777777778
jimthompson5802,0,0,1,0,407.0,0.0,0,0.0
Bhoomika,1,2,0,0,0.0,0.0,0,0.0
kingasatri,0,0,1,0,1.0,0.0,0,0.0
Christine P. Chai,18,150,0,0,0.0,0.0,0,0.0
Marco Wolsza,1,12,0,0,0.0,0.0,0,0.0
cache-missing,1,6,1,1,6.0,12.854722222222222,0,0.0
JVM,1,98,0,0,0.0,0.0,0,0.0
3lLobo,1,3,1,1,3.0,22.535833333333333,0,0.0
vjcitn,0,0,1,1,7.0,0.9377777777777778,0,0.0
Steven Van Vaerenbergh,1,4,0,0,0.0,0.0,0,0.0
davidblnc,1,2,1,1,2.0,1.468611111111111,0,0.0
Kim2212,0,0,1,1,4.0,7.7844444444444445,0,0.0
William M,1,47,0,0,0.0,0.0,0,0.0
Oleksandr Husak,2,733,0,0,0.0,0.0,0,0.0
James Lamb,1,1,0,0,0.0,0.0,0,0.0
Eitan Hemed,1,3,0,0,0.0,0.0,0,0.0
ngoldbaum,0,0,1,1,2.0,13.580277777777777,0,0.0
ducatte,0,0,1,0,60.0,0.0,0,0.0
amanuel2,0,0,1,0,2.0,0.0,0,0.0
RMeli,0,0,15,15,95.93333333333334,11.71338888888889,0,0.0
johncant,0,0,1,1,128.0,8.265277777777778,0,0.0
martin-kokos,1,5,1,1,5.0,2.1094444444444442,0,0.0
randomgeek78,3,212,3,3,70.66666666666667,10.262129629629628,0,0.0
Matthew Feickert,1,30,0,0,0.0,0.0,0,0.0
wenh06,0,0,1,1,80.0,19.008055555555554,0,0.0
Mathews-Tom,0,0,13,13,8.538461538461538,8.368354700854699,0,0.0
bnsh,0,0,1,1,53.0,17.975,0,0.0
maawoo,0,0,1,1,12.0,5.889722222222222,0,0.0
jmloyola,0,0,2,2,25.0,11.48986111111111,0,0.0
A.H.Mansouri,1,14,0,0,0.0,0.0,0,0.0
i-aki-y,3,83,4,3,32.75,5.614629629629629,0,0.0
0urobor0s,0,0,1,1,3.0,16.295277777777777,0,0.0
riverallzero,0,0,2,0,67.0,0.0,0,0.0
Jack McIvor,1,2,0,0,0.0,0.0,0,0.0
julian-8897,0,0,1,1,4.0,12.203055555555556,0,0.0
wen-zheng,0,0,1,0,142.0,0.0,0,0.0
Scott Gustafson,1,8,0,0,0.0,0.0,0,0.0
Nihal Thukarama Rao,2,102,0,0,0.0,0.0,0,0.0
adienes,1,8,1,1,8.0,0.1511111111111111,0,0.0
Kaustbh,0,0,1,0,73.0,0.0,0,0.0
Adam Handke,1,2,0,0,0.0,0.0,0,0.0
Gianr Lazz,1,4,0,0,0.0,0.0,0,0.0
Kaushik Roy Chowdhury,1,2,0,0,0.0,0.0,0,0.0
astro-satyam75,0,0,2,0,9.0,0.0,0,0.0
ionicsolutions,0,0,1,1,36.0,22.454444444444444,0,0.0
rehanguha,0,0,1,1,2.0,15.185555555555556,0,0.0
MohamedBsh,0,0,1,1,11.0,20.36777777777778,0,0.0
Alexandre Perez-Lebel,2,36,0,0,0.0,0.0,0,0.0
mikeonly,0,0,1,1,95.0,3.665,0,0.0
Swapnil Jha,1,1,0,0,0.0,0.0,0,0.0
Max Halford,1,11,0,0,0.0,0.0,0,0.0
delamatrix,0,0,1,0,5.0,0.0,0,0.0
rand0wn,0,0,10,4,21.7,21.944305555555555,0,0.0
Pinky,5,92,0,0,0.0,0.0,0,0.0
Da-Lan,1,2,2,1,8.0,12.890833333333333,0,0.0
Haoyin Xu,6,87,0,0,0.0,0.0,0,0.0
Dion11235,0,0,1,1,11.0,16.327222222222222,0,0.0
Brendan Lu,5,226,0,0,0.0,0.0,0,0.0
Timofei Kornev,1,11,0,0,0.0,0.0,0,0.0
puhuk,2,146,1,1,6.0,3.48,0,0.0
zshu115x,0,0,2,0,413.0,0.0,0,0.0
bijilsubhash,0,0,2,2,21.0,6.215277777777778,0,0.0
Srinath Kailasa,1,69,0,0,0.0,0.0,0,0.0
Felix Glushchenkov,1,30,0,0,0.0,0.0,0,0.0
Ralf Gommers,3,196,0,0,0.0,0.0,0,0.0
giorgioangel,0,0,1,1,34.0,0.09972222222222223,0,0.0
Angus L'Herrou,1,12,0,0,0.0,0.0,0,0.0
napetrov,0,0,1,1,29.0,0.13444444444444445,0,0.0
Nawazish Alam,1,23,0,0,0.0,0.0,0,0.0
Andrew Knyazev,5,526,0,0,0.0,0.0,0,0.0
msabatier,2,9,0,0,0.0,0.0,0,0.0
as-90,1,2,1,1,2.0,3.283888888888889,0,0.0
murata-yu,2,318,0,0,0.0,0.0,0,0.0
DanGonite57,1,2,1,1,2.0,1.2302777777777778,0,0.0
Nico Stefani,1,52,0,0,0.0,0.0,0,0.0
Clément Fauchereau,2,60,0,0,0.0,0.0,0,0.0
ggrrll,0,0,1,1,4.0,2.293888888888889,0,0.0
LeoGrin,1,116,1,1,116.0,22.399722222222223,0,0.0
Giorgio Angelotti,1,34,0,0,0.0,0.0,0,0.0
Z Adil Khwaja,6,21,0,0,0.0,0.0,0,0.0
Tommaso Di Noto,1,1,0,0,0.0,0.0,0,0.0
DavidRosen,0,0,2,0,624.0,0.0,0,0.0
Arif Qodari,1,39,0,0,0.0,0.0,0,0.0
Charles Zablit,1,4,0,0,0.0,0.0,0,0.0
Vyom Pathak,1,51,0,0,0.0,0.0,0,0.0
Jordan Fleming,1,2,0,0,0.0,0.0,0,0.0
deanm0000,0,0,1,0,169.0,0.0,0,0.0
navn-r,0,0,1,0,6.0,0.0,0,0.0
FPGAwesome,1,3,0,0,0.0,0.0,0,0.0
Shinsuke Mori,1,6,0,0,0.0,0.0,0,0.0
Sebastian Pujalte,1,170,0,0,0.0,0.0,0,0.0
subhan97ahmed,0,0,1,0,6.0,0.0,0,0.0
haiatn,0,0,1,0,42.0,0.0,0,0.0
PABannier,0,0,1,1,12.0,20.238888888888887,0,0.0
Javier Marin Tur,1,33,0,0,0.0,0.0,0,0.0
Kanissh,11,58,0,0,0.0,0.0,0,0.0
Norbert Preining,1,28,0,0,0.0,0.0,0,0.0
Arnaud Capitaine,1,2,0,0,0.0,0.0,0,0.0
richardt94,0,0,7,6,18.285714285714285,7.876851851851851,0,0.0
ParsifalXu,1,7,2,1,9.0,11.758055555555556,0,0.0
Riccardo Cappuzzo,1,1078,0,0,0.0,0.0,0,0.0
Dev-Khant,0,0,2,1,47.5,1.2569444444444444,0,0.0
ldwy4,1,147,1,1,147.0,14.623333333333333,0,0.0
kevmo,0,0,3,2,3.3333333333333335,8.270416666666668,0,0.0
Kishan Ved,1,44,0,0,0.0,0.0,0,0.0
Stefanie Molin,29,1208,0,0,0.0,0.0,0,0.0
groceryheist,1,8,0,0,0.0,0.0,0,0.0
Ivan Sedykh,1,2,0,0,0.0,0.0,0,0.0
clin1234,0,0,1,0,0.0,0.0,0,0.0
Brigitta Sipőcz,1,2,0,0,0.0,0.0,0,0.0
eddiebergman,0,0,3,2,107.0,14.430694444444445,0,0.0
Shady el Gewily,1,38,0,0,0.0,0.0,0,0.0
dannbuckley,0,0,1,0,58.0,0.0,0,0.0
Matías,3,27,0,0,0.0,0.0,0,0.0
Dev-Akash,0,0,1,1,4.0,6.094444444444444,0,0.0
remilvus,0,0,1,1,30.0,1.6236111111111111,0,0.0
zuggernautt,0,0,1,1,6.0,23.16861111111111,0,0.0
Ross Barnowski,4,113,0,0,0.0,0.0,0,0.0
Christian Ritter,11,299,0,0,0.0,0.0,0,0.0
Omar Hassoun,1,2,0,0,0.0,0.0,0,0.0
Bardiya Ak,1,1,0,0,0.0,0.0,0,0.0
julyrashchenko,1,4,0,0,0.0,0.0,0,0.0
pnucci,1,10,1,1,10.0,3.7866666666666666,0,0.0
iofall,3,53,1,1,38.0,19.3375,0,0.0
johnwparks03,0,0,1,0,126.0,0.0,0,0.0
VinayBhagavath,0,0,1,0,3.0,0.0,0,0.0
Oleksii Kachaiev,1,4,0,0,0.0,0.0,0,0.0
Jack Liu,3,780,0,0,0.0,0.0,0,0.0
partev,4,11,4,3,3.25,6.5307407407407405,0,0.0
Andriy,1,2,0,0,0.0,0.0,0,0.0
g-morishita,0,0,1,0,70.0,0.0,0,0.0
tuscland,0,0,3,3,138.66666666666666,20.70731481481482,0,0.0
lamdang2k,0,0,9,7,22.0,10.72845238095238,0,0.0
dschmitz89,0,0,2,1,22.0,18.173333333333332,0,0.0
N,1,28,0,0,0.0,0.0,0,0.0
iwhalvic,1,88,0,0,0.0,0.0,0,0.0
rod-rom,0,0,3,3,8.0,10.315370370370369,0,0.0
adijohar,1,2,0,0,0.0,0.0,0,0.0
Ricardo Ferreira,1,4,0,0,0.0,0.0,0,0.0
Ralph Urlus,1,41,0,0,0.0,0.0,0,0.0
Harsh Agrawal,1,16,0,0,0.0,0.0,0,0.0
naozin555,2,15,0,0,0.0,0.0,0,0.0
Schefflera-Arboricola,0,0,1,1,3.0,23.219444444444445,0,0.0
marijavlajic,0,0,2,1,49.0,18.79083333333333,0,0.0
alanlivio,0,0,1,1,2.0,4.571111111111111,0,0.0
SovannaKongMao,0,0,1,0,1495.0,0.0,0,0.0
naoise-h,0,0,3,2,71.66666666666667,2.461666666666667,0,0.0
sharmadharmpal,1,12,1,1,12.0,10.816666666666666,0,0.0
tushark39,0,0,1,0,46.0,0.0,0,0.0
ricmperes,0,0,1,1,13.0,4.064722222222223,0,0.0
Udit Gupta,1,3,0,0,0.0,0.0,0,0.0
kachayev,0,0,1,1,4.0,13.598333333333333,0,0.0
jezekra1,0,0,1,0,46.0,0.0,0,0.0
Antony Lee,1,4,0,0,0.0,0.0,0,0.0
Duarte OC,1,4,0,0,0.0,0.0,0,0.0
spikebh,3,100,0,0,0.0,0.0,0,0.0
AmeenUrRehman,0,0,1,0,4.0,0.0,0,0.0
amay,1,30,0,0,0.0,0.0,0,0.0
RobertHGit,0,0,1,1,2.0,3.491388888888889,0,0.0
kapytaine,0,0,1,1,2.0,5.844444444444444,0,0.0
shroffp05,0,0,1,1,5.0,9.393611111111111,0,0.0
Kraig,2,14,0,0,0.0,0.0,0,0.0
John Koumentis,1,2,0,0,0.0,0.0,0,0.0
gaborberei,0,0,1,1,9.0,23.622222222222224,0,0.0
ChVeen,0,0,20,16,16.65,14.411423611111111,0,0.0
bumblebee,1,2,0,0,0.0,0.0,0,0.0
ranjan2829,0,0,2,0,2.0,0.0,0,0.0
ChaseKnowlden,0,0,1,0,11.0,0.0,0,0.0
mlant,4,50,0,0,0.0,0.0,0,0.0
anandhakrishnanaji,0,0,1,0,30.0,0.0,0,0.0
Lene Preuss,1,26,0,0,0.0,0.0,0,0.0
Olle Lukowski,2,76,0,0,0.0,0.0,0,0.0
lorentzenchr,0,0,126,101,317.515873015873,10.311424642464248,0,0.0
jackbowyer,0,0,2,1,12.0,5.349166666666667,0,0.0
elcorto,0,0,2,1,57.5,2.9694444444444446,0,0.0
Nwanna-Joseph,7,603,7,7,86.14285714285714,8.647420634920634,0,0.0
christian-rauch,0,0,1,0,2.0,0.0,0,0.0
Andrei Dzis,2,21,0,0,0.0,0.0,0,0.0
AchyuthGowthamK,0,0,1,0,7.0,0.0,0,0.0
Mariangela,1,3,0,0,0.0,0.0,0,0.0
Nylio-prog,0,0,1,0,544.0,0.0,0,0.0
stefmolin,0,0,29,29,41.6551724137931,8.978984674329503,0,0.0
cperales,0,0,1,0,357.0,0.0,0,0.0
Evelyn,1,12,0,0,0.0,0.0,0,0.0
ovenpickled,0,0,2,1,15.5,16.6525,0,0.0
max-drexler,0,0,2,0,9.0,0.0,0,0.0
swpease,1,2,0,0,0.0,0.0,0,0.0
gpapadok,1,27,2,1,245.5,14.733333333333333,0,0.0
isacarnekvist,0,0,1,0,718.0,0.0,0,0.0
Naoise Holohan,2,89,0,0,0.0,0.0,0,0.0
GuillemGSubies,0,0,1,1,57.0,0.30194444444444446,0,0.0
ak04p,0,0,2,2,2.0,12.145833333333332,0,0.0
jygerardy,1,226,0,0,0.0,0.0,0,0.0
Eleni Markou,2,7,0,0,0.0,0.0,0,0.0
AlessandroTesi8,0,0,1,0,8.0,0.0,0,0.0
João Morais,6,18,0,0,0.0,0.0,0,0.0
fabridamicelli,0,0,2,1,61.0,12.146944444444445,0,0.0
ceh,2,6,2,2,3.0,1.2016666666666667,0,0.0
WeijiaDu,1,8,1,1,8.0,16.861944444444443,0,0.0
DaminK,1,7,1,1,7.0,0.6530555555555555,0,0.0
pinkgoldpeach,0,0,1,1,3.0,0.9136111111111112,0,0.0
JulioScholz,0,0,1,0,6.0,0.0,0,0.0
Tomás Ronald Hughes,1,64,0,0,0.0,0.0,0,0.0
Guillem García Subies,1,57,0,0,0.0,0.0,0,0.0
jph00,0,0,1,0,1.0,0.0,0,0.0
simonandras,0,0,4,1,259.75,23.63861111111111,0,0.0
advsinha17,0,0,1,1,17.0,2.0094444444444446,0,0.0
Yuki Koyama,1,2,0,0,0.0,0.0,0,0.0
hmasdev,1,18,2,1,79.0,3.792777777777778,0,0.0
Giancarlo Pablo,1,44,0,0,0.0,0.0,0,0.0
Satarupa22-SD,0,0,1,0,100.0,0.0,0,0.0
bme-git,1,3,1,1,3.0,23.03638888888889,0,0.0
Jiawei Zhang,24,593,0,0,0.0,0.0,0,0.0
Roman Feldbauer,1,2,0,0,0.0,0.0,0,0.0
Jiten Sidhpura,5,583,0,0,0.0,0.0,0,0.0
NitikaNahata,0,0,1,0,48.0,0.0,0,0.0
Vikrant khedkar,1,1,0,0,0.0,0.0,0,0.0
Elisabeth Günther,1,81,0,0,0.0,0.0,0,0.0
Søren Fuglede Jørgensen,1,7,0,0,0.0,0.0,0,0.0
Thomas Lazarus,1,43,0,0,0.0,0.0,0,0.0
scottgigante-immunai,0,0,2,1,23.5,21.85861111111111,0,0.0
aman1971,0,0,1,1,5.0,7.139166666666667,0,0.0
cynthias13w,1,23,1,1,23.0,14.438333333333333,0,0.0
alihassan826,0,0,1,0,72.0,0.0,0,0.0
plon-Susk7,0,0,1,1,36.0,0.7230555555555556,0,0.0
Uttam kumar,1,13,0,0,0.0,0.0,0,0.0
netomenoci,0,0,1,1,104.0,0.15666666666666668,0,0.0
"Farid ""Freddie"" Taba",1,43,0,0,0.0,0.0,0,0.0
SandroEph,0,0,2,2,58.5,2.36125,0,0.0
Shyam Desai,1,51,0,0,0.0,0.0,0,0.0
Alex,3,234,0,0,0.0,0.0,0,0.0
Abhishek Gupta,1,2,0,0,0.0,0.0,0,0.0
thebabush,1,75,0,0,0.0,0.0,0,0.0
Dmitry Kobak,1,252,0,0,0.0,0.0,0,0.0
Gönül Aycı,1,3,0,0,0.0,0.0,0,0.0
Sebastian Berg,2,120,0,0,0.0,0.0,0,0.0
mark-thm,0,0,2,1,93.0,14.034166666666666,0,0.0
Rileran,1,205,0,0,0.0,0.0,0,0.0
GaelVaroquaux,0,0,14,13,170.57142857142858,11.53294871794872,0,0.0
michalkrawczyk,2,1033,0,0,0.0,0.0,0,0.0
Eric Ndirangu,1,16,0,0,0.0,0.0,0,0.0
Marek Hanuš,1,1,0,0,0.0,0.0,0,0.0
Marija Vlajic,1,55,0,0,0.0,0.0,0,0.0
Julian Libiseller-Egger,1,112,0,0,0.0,0.0,0,0.0
Ziad Amerr,1,4,0,0,0.0,0.0,0,0.0
mehmetcanakbay,1,212,2,1,166.0,20.93027777777778,0,0.0
searchforpassion,1,30,2,1,16.0,6.346111111111111,0,0.0
Issac-Kondreddy,0,0,1,0,17.0,0.0,0,0.0
cparmet,0,0,1,1,2.0,8.305833333333334,0,0.0
Paweł Olszewski,2,20,0,0,0.0,0.0,0,0.0
colepigskin,0,0,1,0,25626.0,0.0,0,0.0
Kaushik Amar Das,2,127,0,0,0.0,0.0,0,0.0
ColdTeapot273K,0,0,1,0,101.0,0.0,0,0.0
ioangatop,1,4,1,1,4.0,0.3844444444444444,0,0.0
emirkmo,0,0,3,2,152.66666666666666,21.025,0,0.0
almeidayoel,1,2,0,0,0.0,0.0,0,0.0
Artur Hermano,1,8,0,0,0.0,0.0,0,0.0
Anumon6395,0,0,2,0,48.0,0.0,0,0.0
Salahuddin,2,43,0,0,0.0,0.0,0,0.0
yishutu,0,0,1,0,34.0,0.0,0,0.0
Nishu Choudhary,2,57,0,0,0.0,0.0,0,0.0
Safikh,3,71,5,4,39.4,6.419166666666667,0,0.0
Brenden Kadota,3,103,0,0,0.0,0.0,0,0.0
mauroantonioserrano,1,4,1,1,4.0,12.94138888888889,0,0.0
ShisuiUzumaki,0,0,3,2,83.33333333333333,8.038888888888888,0,0.0
Magali,1,3,0,0,0.0,0.0,0,0.0
anton-bushuiev,0,0,1,0,3.0,0.0,0,0.0
omtarful,0,0,1,1,2.0,19.530833333333334,0,0.0
Maxim Smolskiy,6,22,0,0,0.0,0.0,0,0.0
Scott Gigante,1,12,0,0,0.0,0.0,0,0.0
jeromedockes,0,0,13,8,183.23076923076923,10.593159722222222,0,0.0
Luis Silvestrin,1,2,0,0,0.0,0.0,0,0.0
gwerbin,0,0,1,0,47.0,0.0,0,0.0
Jorge Loayza,1,2,0,0,0.0,0.0,0,0.0
AymericBasset,1,19,2,1,26.5,17.71638888888889,0,0.0
elephaint,0,0,1,0,4780.0,0.0,0,0.0
rifkhanMsc,0,0,1,0,2.0,0.0,0,0.0
jmarintur,0,0,2,1,22.5,6.9286111111111115,0,0.0
Jitensid,0,0,6,5,143.0,11.383555555555557,0,0.0
RudreshVeerkhare,0,0,1,1,99.0,13.516666666666667,0,0.0
Pablo Duque,1,2,0,0,0.0,0.0,0,0.0
shaymerNaturalint,1,2,1,1,2.0,19.24361111111111,0,0.0
manuel-morales-a,0,0,1,1,96.0,20.038055555555555,0,0.0
David Brochart,1,2,0,0,0.0,0.0,0,0.0
THARAK HEGDE,1,4,0,0,0.0,0.0,0,0.0
Sadra Barikbin,1,2,0,0,0.0,0.0,0,0.0
Ti-Ion,2,6,2,2,3.0,16.32736111111111,0,0.0
Nguyễn Văn Diễn,1,14,0,0,0.0,0.0,0,0.0
jmmcd,0,0,2,2,4.0,1.1479166666666667,0,0.0
Mikhail Iljin,1,15,0,0,0.0,0.0,0,0.0
berkecanrizai,2,275,2,2,137.5,12.38,0,0.0
sadra-barikbin,0,0,1,1,2.0,3.839722222222222,0,0.0
JB Mountford,1,2,0,0,0.0,0.0,0,0.0
Aline Ribeiro de Almeida,4,51,0,0,0.0,0.0,0,0.0
JSchoeck,0,0,1,0,2.0,0.0,0,0.0
Brian Sun,2,257,0,0,0.0,0.0,0,0.0
Marc Bresson,1,129,0,0,0.0,0.0,0,0.0
Timmate,0,0,1,1,11.0,3.5972222222222223,0,0.0
Dennis Osei,3,43,0,0,0.0,0.0,0,0.0
Tuhin Sharma,2,7,0,0,0.0,0.0,0,0.0
marekhanus,0,0,1,1,1.0,19.319444444444443,0,0.0
davidbrochart,0,0,2,1,1.5,2.9541666666666666,0,0.0
DennisOsei,0,0,5,3,14.2,6.909259259259259,0,0.0
Helder Geovane Gomes de Lima,3,5,0,0,0.0,0.0,0,0.0
Jaimin020,0,0,1,0,44.0,0.0,0,0.0
lacrosse91,1,12,0,0,0.0,0.0,0,0.0
Marvin Krawutschke,1,34,0,0,0.0,0.0,0,0.0
Anurag Varma,1,55,0,0,0.0,0.0,0,0.0
SavkoMax,1,3,0,0,0.0,0.0,0,0.0
x110,3,522,3,3,174.0,18.35675925925926,0,0.0
Juan Carlos Alfaro Jiménez,5,523,0,0,0.0,0.0,0,0.0
der-Lehmann,0,0,1,1,2.0,6.636111111111111,0,0.0
KenP97,0,0,3,1,2.6666666666666665,0.6738888888888889,0,0.0
Azaria Gebremichael,1,13,0,0,0.0,0.0,0,0.0
Mehrdad Moradizadeh,1,7,0,0,0.0,0.0,0,0.0
Eddie Bergman,2,59,0,0,0.0,0.0,0,0.0
gloriamacia,0,0,1,1,5.0,17.793055555555554,0,0.0
Thiruvenkadam,1,3,0,0,0.0,0.0,0,0.0
Lukas Geiger,1,2,0,0,0.0,0.0,0,0.0
Rachel-Freeland,0,0,1,1,2.0,9.38111111111111,0,0.0
jameschapman19,0,0,2,0,498.0,0.0,0,0.0
haochunchang,0,0,7,6,64.85714285714286,9.810277777777776,0,0.0
lihaitao,1,3,0,0,0.0,0.0,0,0.0
Jason G,2,4,0,0,0.0,0.0,0,0.0
anamfatima1304,0,0,2,1,445.5,18.814166666666665,0,0.0
aidangold,0,0,2,0,25.5,0.0,0,0.0
RUrlus,0,0,1,1,41.0,23.905,0,0.0
christianwaldmann,1,2,1,1,2.0,22.734444444444446,0,0.0
bthirion,1,34,0,0,0.0,0.0,0,0.0
KennedyWaweru,0,0,1,1,3.0,0.8438888888888889,0,0.0
Sayed Qaiser Ali,1,21,0,0,0.0,0.0,0,0.0
guitared,0,0,1,1,2.0,13.420555555555556,0,0.0
Maria Telenczuk,12,594,0,0,0.0,0.0,0,0.0
Zeel B Patel,1,19,0,0,0.0,0.0,0,0.0
Karen Palacio,2,8,0,0,0.0,0.0,0,0.0
DhanshreeA,0,0,2,2,4.0,15.502638888888889,0,0.0
NikolayXHD,0,0,1,0,92.0,0.0,0,0.0
ozabluda,0,0,1,0,4.0,0.0,0,0.0
rcap107,0,0,1,1,1078.0,20.689166666666665,0,0.0
Demon-Sheriff,0,0,1,0,16.0,0.0,0,0.0
eyast,1,2,0,0,0.0,0.0,0,0.0
Vishal,1,13,0,0,0.0,0.0,0,0.0
Mario Kostelac,1,78,0,0,0.0,0.0,0,0.0
miguelcsilva,5,145,7,5,55.857142857142854,15.394499999999999,0,0.0
Alex Buzenet,2,32,0,0,0.0,0.0,0,0.0
adrinjalali,0,0,124,102,596.2177419354839,9.403692810457514,1,4.027777777777778
m-maggi,3,32,3,3,10.666666666666666,17.488240740740743,0,0.0
sky-2002,0,0,1,0,1.0,0.0,0,0.0
Benjamin Bossan,2,280,0,0,0.0,0.0,0,0.0
amay1212,0,0,2,1,35.0,21.16861111111111,0,0.0
Kaysera,0,0,1,1,9.0,23.04361111111111,0,0.0
Théophile Baranger,21,459,0,0,0.0,0.0,0,0.0
Arturo Amor,68,11056,0,0,0.0,0.0,0,0.0
Rob Crockett,1,18,0,0,0.0,0.0,0,0.0
kianelbo,0,0,16,14,61.1875,13.812480158730157,0,0.0
Philipp Jung,1,19,0,0,0.0,0.0,0,0.0
Mohamed Haseeb,2,6,0,0,0.0,0.0,0,0.0
Jonathan Schneider,1,10,0,0,0.0,0.0,0,0.0
ErmolaevPA,1,4,2,1,3.0,1.3233333333333333,0,0.0
Rahul Mahajan,1,2,0,0,0.0,0.0,0,0.0
Christopher Yeh,1,110,0,0,0.0,0.0,0,0.0
Mandy Gu,1,93,0,0,0.0,0.0,0,0.0
daustria,0,0,1,0,257.0,0.0,0,0.0
tuhinsharma121,0,0,2,2,3.5,20.959444444444443,0,0.0
MuleHakim,0,0,1,0,4.0,0.0,0,0.0
andportnoy,0,0,1,0,405.0,0.0,0,0.0
scaja,1,6,1,1,6.0,20.752222222222223,0,0.0
sokolat,0,0,1,0,149.0,0.0,0,0.0
tacaswell,0,0,1,1,4.0,15.7,0,0.0
Whidou,1,26,0,0,0.0,0.0,0,0.0
joshuabambrick,0,0,1,0,26954.0,0.0,0,0.0
SELEE,3,150,0,0,0.0,0.0,0,0.0
yuanx749,0,0,26,25,36.5,7.501644444444444,0,0.0
lucyleeow,0,0,85,74,55.976470588235294,7.835514264264263,1,1.5952777777777778
ansamz,0,0,3,2,16.0,18.250833333333333,0,0.0
glevv,0,0,12,10,101.25,12.718138888888888,1,15.344166666666666
jalexand3r,1,4,0,0,0.0,0.0,0,0.0
katotten,2,35,0,0,0.0,0.0,0,0.0
atharvapatil123,0,0,1,1,5.0,1.4758333333333333,0,0.0
s2t2,0,0,1,0,4.0,0.0,0,0.0
Raj Pulapakura,2,237,0,0,0.0,0.0,0,0.0
Alessandro Miola,2,8,0,0,0.0,0.0,0,0.0
Rodrigo Romero,3,24,0,0,0.0,0.0,0,0.0
ChidiRnweke,0,0,1,0,22.0,0.0,0,0.0
jchazalon,0,0,1,1,2.0,0.8275,0,0.0
JoOkuma,0,0,2,0,46.5,0.0,0,0.0
tom1092,1,2,0,0,0.0,0.0,0,0.0
Mohammed Hamdy,1,191,0,0,0.0,0.0,0,0.0
lumtvn,0,0,1,1,3.0,2.435277777777778,0,0.0
Kei Ishikawa,3,170,0,0,0.0,0.0,0,0.0
Conrad Stevens,1,4,0,0,0.0,0.0,0,0.0
Lucy Jiménez,1,3,0,0,0.0,0.0,0,0.0
Aloqeely,0,0,2,2,4.0,9.036805555555556,0,0.0
michaelrussell4,0,0,1,0,6.0,0.0,0,0.0
aj-white,2,36,2,2,18.0,7.303888888888888,0,0.0
znb899,0,0,1,0,21.0,0.0,0,0.0
Theis Ferré Hjortkjær,2,178,0,0,0.0,0.0,0,0.0
Manimaran,3,102,0,0,0.0,0.0,0,0.0
nitinramvelraj,1,18,1,1,18.0,15.600555555555555,0,0.0
Glòria Macià Muñoz,4,63,0,0,0.0,0.0,0,0.0
Jenny Vo,1,95,0,0,0.0,0.0,0,0.0
zaznaczony,0,0,1,1,2.0,9.801666666666666,0,0.0
Benoit Chevallier-Mames,1,8,0,0,0.0,0.0,0,0.0
TengaCortal,0,0,1,0,74.0,0.0,0,0.0
James Dean,1,4,0,0,0.0,0.0,0,0.0
stellalin7,2,146,2,2,73.0,1.7865277777777777,0,0.0
miguelgondu,0,0,1,0,102.0,0.0,0,0.0
András Simon,4,259,0,0,0.0,0.0,0,0.0
andreped,0,0,1,1,10.0,3.7333333333333334,0,0.0
Emir,2,27,0,0,0.0,0.0,0,0.0
IwonaZ,0,0,1,1,3.0,13.866666666666667,0,0.0
Jauhar,1,8,0,0,0.0,0.0,0,0.0
michpara,0,0,1,1,14.0,19.558055555555555,0,0.0
Thijs van Weezel,1,34,0,0,0.0,0.0,0,0.0
SarahRemus,5,41,5,5,8.2,3.9324999999999997,0,0.0
rsnegrin,1,4,1,1,4.0,20.020555555555557,0,0.0
lfourniercm,0,0,2,0,71.5,0.0,0,0.0
adamjstewart,0,0,2,2,10.5,11.610555555555555,0,0.0
deepyaman,0,0,4,2,38.5,18.00472222222222,0,0.0
Shogo Hida,2,10,0,0,0.0,0.0,0,0.0
Dave Berenbaum,1,156,0,0,0.0,0.0,0,0.0
blueprintparadise,0,0,1,0,34.0,0.0,0,0.0
althonos,0,0,1,1,12.0,3.846388888888889,0,0.0
André Pedersen,1,10,0,0,0.0,0.0,0,0.0
Benedek Harsanyi,1,11,0,0,0.0,0.0,0,0.0
BdeGraaff,1,130,1,1,130.0,15.508333333333333,0,0.0
NielXu,0,0,1,0,106.0,0.0,0,0.0
ayanbag,0,0,1,1,5.0,20.511666666666667,0,0.0
Marc Torrellas Socastro,1,355,0,0,0.0,0.0,0,0.0
Kadatatlu Kishore,1,5,0,0,0.0,0.0,0,0.0
Tobias Pitters,2,30,0,0,0.0,0.0,0,0.0
Dev514,3,29,3,3,9.666666666666666,6.591111111111111,0,0.0
Pooja M,1,14,0,0,0.0,0.0,0,0.0
PieterjanRobbe,0,0,1,0,5418.0,0.0,0,0.0
Léonard Binet,1,114,0,0,0.0,0.0,0,0.0
Iliya Zhechev,1,5,0,0,0.0,0.0,0,0.0
StefanieSenger,0,0,63,52,129.6984126984127,12.22614316239316,2,4.597361111111111
Ily,1,4,0,0,0.0,0.0,0,0.0
Aravindh R,2,6,0,0,0.0,0.0,0,0.0
Varun Agrawal,1,104,0,0,0.0,0.0,0,0.0
yotamcons,0,0,1,1,24.0,17.88388888888889,0,0.0
Anderson Nelson,1,37,0,0,0.0,0.0,0,0.0
bhoomikamadhukar,0,0,1,1,2.0,13.893888888888888,0,0.0
ajayspatil7,0,0,1,0,5.0,0.0,0,0.0
choudharynishu,0,0,2,2,28.5,15.408333333333335,0,0.0
Emad Izadifar,1,4,0,0,0.0,0.0,0,0.0
Salim Dohri,2,158,0,0,0.0,0.0,0,0.0
c-git,1,2,1,1,2.0,0.05472222222222222,0,0.0
TheCheshireCat6,0,0,1,0,3.0,0.0,0,0.0
krumetoft,2,93,0,0,0.0,0.0,0,0.0
SdgJlbl,0,0,1,0,164.0,0.0,0,0.0
Chuliang Xiao,1,16,0,0,0.0,0.0,0,0.0
winedarksea,0,0,1,0,111.0,0.0,0,0.0
Nurseit Kamchyev,2,165,0,0,0.0,0.0,0,0.0
raghuveerbhat,0,0,1,1,74.0,3.4158333333333335,0,0.0
codejay12,0,0,1,0,11.0,0.0,0,0.0
amanishimwe,0,0,1,0,7044.0,0.0,0,0.0
Michael I Chen,2,8,0,0,0.0,0.0,0,0.0
Nikita Titov,1,5,0,0,0.0,0.0,0,0.0
datarollhexasphericon,0,0,1,0,9.0,0.0,0,0.0
Juan Felipe Arias,1,34,0,0,0.0,0.0,0,0.0
ZohaibManzoor2004,0,0,1,0,0.0,0.0,0,0.0
rriccilopes,0,0,1,0,42.0,0.0,0,0.0
Aman Sharma,1,2,0,0,0.0,0.0,0,0.0
José Manuel Nápoles Duarte,1,36,0,0,0.0,0.0,0,0.0
Hansin Ahuja,1,11,0,0,0.0,0.0,0,0.0
adiptamartulandi,0,0,1,0,2.0,0.0,0,0.0
Jon Nordby,1,8,0,0,0.0,0.0,0,0.0
IsaacTrost,1,17,1,1,17.0,7.534722222222222,0,0.0
Sandra Yojana Meneses,2,460,0,0,0.0,0.0,0,0.0
xiaowei1234,0,0,1,0,105.0,0.0,0,0.0
Moonkyung94,2,34,0,0,0.0,0.0,0,0.0
jjerphan,0,0,120,100,284.6666666666667,9.45742777777778,0,0.0
rhelmeczi,0,0,2,2,7.0,8.630833333333333,0,0.0
siavrez,11,202,0,0,0.0,0.0,0,0.0
amrcode,1,42,0,0,0.0,0.0,0,0.0
MiguelParece,0,0,3,0,78.66666666666667,0.0,0,0.0
John Paton,1,2,0,0,0.0,0.0,0,0.0
Fenil Suchak,1,29,0,0,0.0,0.0,0,0.0
Shree7676,0,0,2,1,14.0,3.1705555555555556,0,0.0
kernc,1,31,1,1,31.0,12.216666666666667,0,0.0
Christos Aridas,2,8,0,0,0.0,0.0,0,0.0
Johanna Bayer,1,9,0,0,0.0,0.0,0,0.0
AmarCodes-22,0,0,8,7,23.25,14.574166666666667,0,0.0
Pierre de Fréminville,1,37,0,0,0.0,0.0,0,0.0
Dimitri Papadopoulos Orfanos,30,2257,0,0,0.0,0.0,0,0.0
Jake Cowton,1,10,0,0,0.0,0.0,0,0.0
liborseda,0,0,1,0,90.0,0.0,0,0.0
Miki Watanabe,2,79,0,0,0.0,0.0,0,0.0
fcharras,4,61,18,13,4056.222222222222,8.734594017094018,0,0.0
jkarolczak,1,2,1,1,2.0,14.52,0,0.0
Tabea Kossen,1,5,0,0,0.0,0.0,0,0.0
Olle-Lukowski,0,0,2,2,38.0,5.298888888888889,0,0.0
Kanishk Sachdev,1,2,0,0,0.0,0.0,0,0.0
Tyler Reddy,1,2,0,0,0.0,0.0,0,0.0
Michel de Ruiter,1,2,0,0,0.0,0.0,0,0.0
ominusliticus,0,0,1,0,48.0,0.0,0,0.0
mpoemsl,2,6,2,2,3.0,0.8576388888888888,0,0.0
dlhaar,0,0,1,1,16.0,18.92111111111111,0,0.0
Rachel Freeland,1,2,0,0,0.0,0.0,0,0.0
9Y5,0,0,1,1,75.0,12.240833333333333,1,0.9247222222222222
KurumeYuta,1,40,0,0,0.0,0.0,0,0.0
Ashvith Shetty,1,7,0,0,0.0,0.0,0,0.0
Felipe Rodrigues,3,114,0,0,0.0,0.0,0,0.0
Felipe Siola,1,63,0,0,0.0,0.0,0,0.0
SofSof98,0,0,1,0,1556.0,0.0,0,0.0
James McDermott,2,8,0,0,0.0,0.0,0,0.0
Adrian Trujillo Duron,1,223,0,0,0.0,0.0,0,0.0
pm155,0,0,1,1,14.0,18.82777777777778,0,0.0
artie93,0,0,1,1,8.0,10.380277777777778,0,0.0
pooja-subramaniam,0,0,8,4,13.75,9.908819444444445,0,0.0
Robin Thibaut,1,33,0,0,0.0,0.0,0,0.0
Biswaroop Mitra,2,10,0,0,0.0,0.0,0,0.0
glennfrutiz,2,14,0,0,0.0,0.0,0,0.0
mansi1597,0,0,2,2,6.0,3.6354166666666665,0,0.0
kbharat1210,0,0,1,0,3.0,0.0,0,0.0
Gabor Berei,1,9,0,0,0.0,0.0,0,0.0
icfaust,0,0,2,1,25.0,5.233611111111111,0,0.0
Smile,1,74,0,0,0.0,0.0,0,0.0
Vijeth Moudgalya,1,6,0,0,0.0,0.0,0,0.0
rwelsch427,1,8,2,1,73.0,5.5152777777777775,0,0.0
Robert Hommes,1,2,0,0,0.0,0.0,0,0.0
rajveer43,0,0,1,0,9.0,0.0,0,0.0
velles,0,0,1,0,4.0,0.0,0,0.0
qmarcou,1,18,1,1,18.0,2.901388888888889,0,0.0
Horlaboi,0,0,1,0,6.0,0.0,0,0.0
ss-is-master-chief,0,0,2,1,343.5,14.215,0,0.0
arvkevi,0,0,2,0,336.0,0.0,0,0.0
alexqiao,1,3,1,1,3.0,0.5458333333333333,0,0.0
elabongaatuo,0,0,3,2,9.0,19.01875,0,0.0
Atharva Patil,3,13,0,0,0.0,0.0,0,0.0
nadav-legit,0,0,1,0,2.0,0.0,0,0.0
lesteve,0,0,245,227,96.62448979591836,8.445069750367113,3,8.196481481481483
andresliszt,0,0,1,0,350.0,0.0,0,0.0
John P,1,1,0,0,0.0,0.0,0,0.0
rajesh-agrawal,0,0,1,0,2.0,0.0,0,0.0
Carsten Allefeld,1,25,0,0,0.0,0.0,0,0.0
Franck Charras,8,1418,0,0,0.0,0.0,0,0.0
NolantheNerd,0,0,1,1,34.0,2.486666666666667,0,0.0
LukasFolwarczny,0,0,1,1,4.0,16.55638888888889,0,0.0
Ian Faust,1,6,0,0,0.0,0.0,0,0.0
Dimitris Litsidis,4,49,0,0,0.0,0.0,0,0.0
magalimorin18,0,0,1,1,3.0,1.9083333333333334,0,0.0
Yulv-git,0,0,1,1,34.0,15.346111111111112,0,0.0
Nicolas Miller,2,68,0,0,0.0,0.0,0,0.0
prodingerd,0,0,1,1,4.0,0.9019444444444444,0,0.0
Yosshi999,1,2,1,1,2.0,5.2,0,0.0
Alexandre Gramfort,1,4,0,0,0.0,0.0,0,0.0
Henry Sorsky,1,11,0,0,0.0,0.0,0,0.0
Raz Hoshia,1,6,0,0,0.0,0.0,0,0.0
KimAYoung,1,3,0,0,0.0,0.0,0,0.0
Ishaan Bhat,1,15,0,0,0.0,0.0,0,0.0
stevenhastings,0,0,1,0,100.0,0.0,0,0.0
craetona,0,0,1,1,25.0,13.014166666666666,0,0.0
suhasid098,0,0,1,1,21.0,17.43722222222222,0,0.0
ltraub,0,0,1,0,0.0,0.0,0,0.0
julibeg,0,0,1,1,112.0,16.83972222222222,0,0.0
tanjina-hub,0,0,1,1,4.0,20.894166666666667,0,0.0
IvanSedykh,0,0,1,1,2.0,0.8463888888888889,0,0.0
Alberto Torres,1,84,0,0,0.0,0.0,0,0.0
vvkrddy,0,0,1,1,7.0,21.3675,0,0.0
mdmelin,0,0,1,0,96.0,0.0,0,0.0
smith558,0,0,2,2,4.5,3.1393055555555556,0,0.0
Mr. Leu,1,6,0,0,0.0,0.0,0,0.0
Peter Piontek,1,10,0,0,0.0,0.0,0,0.0
mizu-ki,0,0,1,1,2.0,0.5219444444444444,0,0.0
augustebaum,0,0,1,0,236.0,0.0,0,0.0
AnuravModak,0,0,1,0,77.0,0.0,0,0.0
VarunChaduvula,1,9,1,1,9.0,21.482222222222223,0,0.0
Inessa Pawson,1,5,0,0,0.0,0.0,0,0.0
Marco Wurps,1,6,0,0,0.0,0.0,0,0.0
Sven Eschlbeck,13,126,0,0,0.0,0.0,0,0.0
Timothy Wolodzko,1,3,0,0,0.0,0.0,0,0.0
AlexL,1,232,0,0,0.0,0.0,0,0.0
Roman Lutz,2,12,0,0,0.0,0.0,0,0.0
chritter,0,0,1,1,1.0,0.5525,0,0.0
sxsmg,0,0,2,0,68.0,0.0,0,0.0
koushikjoshi,0,0,1,1,6.0,22.420833333333334,0,0.0
Ahmedbgh,1,4,2,1,19.5,20.845555555555556,0,0.0
TheisFerre,0,0,2,2,89.0,13.292638888888888,0,0.0
LSturtew,1,65,0,0,0.0,0.0,0,0.0
David Matthew Cherney,1,7,0,0,0.0,0.0,0,0.0
SamAdamDay,0,0,4,4,22.25,14.681666666666665,0,0.0
TheDevPanda,1,9,1,1,9.0,13.071111111111112,0,0.0
margot95,0,0,1,0,107.0,0.0,0,0.0
psanogo,0,0,1,0,29.0,0.0,0,0.0
fatimazahraegasmi,0,0,1,1,4.0,1.5016666666666667,0,0.0
the-syd-sre,1,39,1,1,39.0,4.554722222222222,0,0.0
lene,0,0,1,1,26.0,21.011111111111113,0,0.0
nymarkkho,0,0,2,2,76.0,6.853888888888888,0,0.0
Madhura Jayaratne,2,1467,0,0,0.0,0.0,0,0.0
ivanllt,1,16,0,0,0.0,0.0,0,0.0
ben-arnao,0,0,1,0,5.0,0.0,0,0.0
murnanedaniel,0,0,1,0,194.0,0.0,0,0.0
yarikoptic,0,0,1,1,26.0,10.508888888888889,0,0.0
ivanpan0626,0,0,3,0,12.666666666666666,0.0,0,0.0
fabianegli,0,0,1,1,4.0,2.4544444444444444,0,0.0
Yuchen Zhou,9,125,0,0,0.0,0.0,0,0.0
Lothiraldan,0,0,1,1,2.0,8.296666666666667,0,0.0
Brevin Kunde,1,11,0,0,0.0,0.0,0,0.0
bkunde,0,0,1,1,11.0,20.767222222222223,0,0.0
Dev Khant,1,11,0,0,0.0,0.0,0,0.0
Shreesha Kumar Bhat,6,293,0,0,0.0,0.0,0,0.0
baggiponte,1,2,1,1,2.0,11.878333333333334,0,0.0
siddu1324,0,0,3,0,87.33333333333333,0.0,0,0.0
ingeliza,0,0,1,1,74.0,15.589722222222223,0,0.0
ftorres16,2,4,2,2,2.0,6.489861111111111,0,0.0
dPys,0,0,1,0,2694.0,0.0,0,0.0
lizyanghui,0,0,1,0,3.0,0.0,0,0.0
Klas96,0,0,1,0,46.0,0.0,0,0.0
alanpeixinho,0,0,1,1,7.0,3.013611111111111,0,0.0
xuefeng-xu,0,0,16,13,18.5625,6.138205128205128,0,0.0
AdarshWase,0,0,1,1,156.0,0.022222222222222223,0,0.0
Joris Van den Bossche,1,43,0,0,0.0,0.0,0,0.0
MohitBurkule,0,0,2,0,187.5,0.0,0,0.0
biswaroopmitra,0,0,2,2,6.0,7.325555555555556,0,0.0
Ala-Na,1,15,2,1,18.5,5.130833333333333,0,0.0
stac-bot,0,0,1,0,1.0,0.0,0,0.0
tylerjereddy,0,0,2,1,17.5,2.031111111111111,0,0.0
Snerdify,0,0,1,0,48.0,0.0,0,0.0
Dea María Léon,5,190,0,0,0.0,0.0,0,0.0
Laveen Bagai,1,2,0,0,0.0,0.0,0,0.0
atsetoglou,0,0,3,3,7.0,9.561851851851852,0,0.0
varunjain3,0,0,1,1,2.0,14.678333333333333,0,0.0
loganthomas,0,0,2,2,47.0,8.184861111111111,0,0.0
Kshitij Mathur,2,29,0,0,0.0,0.0,0,0.0
Andrew Goh,1,75,0,0,0.0,0.0,0,0.0
stevezhang1999,0,0,1,1,29.0,9.571388888888889,0,0.0
LC1243,0,0,1,0,151.0,0.0,0,0.0
punndcoder28,0,0,7,6,36.857142857142854,11.926851851851852,1,0.14305555555555555
Thomas Li,1,78,0,0,0.0,0.0,0,0.0
Amanda,1,2,0,0,0.0,0.0,0,0.0
davidgilbertson,0,0,18,18,5.333333333333333,8.005061728395063,0,0.0
OmarManzoor,0,0,77,62,150.7922077922078,7.443705197132617,0,0.0
salujaditi14,0,0,1,0,16.0,0.0,0,0.0
Maren Westermann,23,679,0,0,0.0,0.0,0,0.0
Ariathor,0,0,1,1,6.0,21.930555555555557,0,0.0
krishna kumar,1,75,0,0,0.0,0.0,0,0.0
pelennor,1,6,0,0,0.0,0.0,0,0.0
Saad Mahmood,1,353,0,0,0.0,0.0,0,0.0
bharatr21,0,0,8,8,15.375,10.34611111111111,0,0.0
ppiont,0,0,1,1,10.0,16.465555555555557,0,0.0
Narendra Singh dangi,1,2,0,0,0.0,0.0,0,0.0
mohitthakur13,0,0,3,0,76.66666666666667,0.0,0,0.0
felixriese,0,0,1,1,22.0,4.893888888888889,0,0.0
jasonjg,0,0,3,2,2.3333333333333335,1.6273611111111113,0,0.0
jnboehm,1,66,0,0,0.0,0.0,0,0.0
Shane,1,6,0,0,0.0,0.0,0,0.0
Paulo Sergio  Soares,2,16,0,0,0.0,0.0,0,0.0
Diwakar Gupta,3,33,0,0,0.0,0.0,0,0.0
Paul,4,180,0,0,0.0,0.0,0,0.0
Pramod Anantharam,1,71,0,0,0.0,0.0,0,0.0
saintgabriel0,0,0,1,0,7.0,0.0,0,0.0
CaileanCarter,0,0,1,1,6.0,9.591944444444444,1,8.265833333333333
Aurélien Geron,4,639,0,0,0.0,0.0,0,0.0
aanaseer,0,0,1,0,7.0,0.0,0,0.0
Edoardo Abati,16,1659,0,0,0.0,0.0,0,0.0
Nikolay Kondratyev,1,5,0,0,0.0,0.0,0,0.0
aisha-als,0,0,1,1,48.0,16.194166666666668,0,0.0
webknjaz,0,0,2,0,1.0,0.0,0,0.0
Felix Hafner,1,4,0,0,0.0,0.0,0,0.0
osmantamer,0,0,1,1,22.0,3.983611111111111,0,0.0
andreasgrv,0,0,1,1,5.0,5.190555555555555,0,0.0
Gandagorn,0,0,1,1,108.0,1.39,0,0.0
Vivek Reddy P,1,7,0,0,0.0,0.0,0,0.0
Matteo Francia,1,2,0,0,0.0,0.0,0,0.0
Emmanouil Gionanidis,1,8,0,0,0.0,0.0,0,0.0
mdhaber,0,0,1,1,13.0,14.822777777777778,0,0.0
Rachit Keerti Das,1,50,0,0,0.0,0.0,0,0.0
Kian Eliasi,14,878,0,0,0.0,0.0,0,0.0
srthiru,0,0,1,1,3.0,20.17527777777778,0,0.0
Roman Yurchak,3,24,0,0,0.0,0.0,0,0.0
michen00,0,0,2,2,4.0,6.699722222222222,0,0.0
Iván Pulido,1,16,0,0,0.0,0.0,0,0.0
yanielc,0,0,1,0,115.0,0.0,0,0.0
Purna Chandra Mansingh,3,39,0,0,0.0,0.0,0,0.0
Tamara,5,196,0,0,0.0,0.0,0,0.0
ibrahimchowdhury515,0,0,1,0,1.0,0.0,0,0.0
ducanne,0,0,2,2,27.0,2.48625,0,0.0
hbenedek,0,0,2,1,36.0,2.411388888888889,0,0.0
John Pangas,5,340,0,0,0.0,0.0,0,0.0
Robert Juergens,2,14,0,0,0.0,0.0,0,0.0
nithish08,0,0,3,2,171.0,12.230138888888888,0,0.0
banzaai,0,0,1,0,2.0,0.0,0,0.0
Shiva chauhan,4,62,0,0,0.0,0.0,0,0.0
verakye,0,0,3,3,40.333333333333336,7.466481481481481,0,0.0
Hind-M,1,2,1,1,2.0,3.2830555555555554,0,0.0
decorouz,0,0,1,1,2.0,18.2025,0,0.0
Raghuveer Bhat,1,74,0,0,0.0,0.0,0,0.0
Moritz Wilksch,1,314,0,0,0.0,0.0,0,0.0
Suha Siddiqui,1,21,0,0,0.0,0.0,0,0.0
toastedyeast,1,24,0,0,0.0,0.0,0,0.0
Fatos Morina,1,1,0,0,0.0,0.0,0,0.0
lohitslohit,0,0,2,1,23.5,12.057777777777778,0,0.0
ScottMGustafson,0,0,2,1,19.0,19.92527777777778,0,0.0
Glen,1,210,0,0,0.0,0.0,0,0.0
sincekmori,0,0,1,1,6.0,6.389444444444444,0,0.0
Kenneth Prabakaran,1,2,0,0,0.0,0.0,0,0.0
DimitriPapadopoulos,0,0,18,15,117.27777777777777,11.952722222222222,0,0.0
Vincent-Maladiere,0,0,22,19,229.95454545454547,7.109312865497078,0,0.0
Neto,1,104,0,0,0.0,0.0,0,0.0
stephenpardy,0,0,1,0,523.0,0.0,0,0.0
chrimaho,0,0,1,0,14.0,0.0,0,0.0
star1327p,0,0,20,18,7.95,10.98533950617284,0,0.0
Gael Varoquaux,17,2738,0,0,0.0,0.0,0,0.0
lingyi1110,1,23,0,0,0.0,0.0,0,0.0
gittasche,0,0,1,1,3.0,16.320555555555554,0,0.0
hchau630,0,0,1,0,60.0,0.0,0,0.0
ivanokhotnikov,0,0,1,0,10.0,0.0,0,0.0
Sortofamudkip,13,241,0,0,0.0,0.0,0,0.0
Stanislav (Stanley) Modrak,2,9,0,0,0.0,0.0,0,0.0
ROMEEZHOU,0,0,11,9,26.272727272727273,16.095185185185187,0,0.0
jack-mcivor,0,0,1,1,2.0,1.2013888888888888,0,0.0
Badr-MOUFAD,0,0,2,2,11.0,1.357222222222222,0,0.0
glemaitre,0,0,320,277,231.4,8.89257922182109,21,8.029669312169311
Ivan Wiryadi,1,10,0,0,0.0,0.0,0,0.0
lhdgsn,0,0,1,0,5.0,0.0,0,0.0
calebbuffa,0,0,1,0,23.0,0.0,0,0.0
francoisgoupil,2,5,3,3,3.3333333333333335,10.176944444444445,0,0.0
keshav-nischal,0,0,1,0,15.0,0.0,0,0.0
Vinicius Rios Fuck,1,6,0,0,0.0,0.0,0,0.0
nathansquan,1,10,1,1,10.0,0.4708333333333333,0,0.0
chalmerlowe,0,0,1,1,8.0,2.53,0,0.0
Patric Lacouth,2,11,0,0,0.0,0.0,0,0.0
Joseph Chazalon,1,2,0,0,0.0,0.0,0,0.0
crispinlogan,4,350,4,4,87.5,16.35388888888889,0,0.0
rkique,0,0,1,0,52.0,0.0,0,0.0
jonnor,0,0,1,1,8.0,17.473055555555554,0,0.0
Harsh14901,0,0,1,1,16.0,23.295833333333334,0,0.0
Manuel Morales,1,96,0,0,0.0,0.0,0,0.0
Joel Nothman,5,350,0,0,0.0,0.0,0,0.0
Sanjay Marreddi,1,153,0,0,0.0,0.0,0,0.0
hhchen1105,0,0,1,0,129.0,0.0,0,0.0
gu1show,0,0,2,1,1.0,11.294722222222223,0,0.0
MisaOgura,0,0,2,1,74.5,1.6847222222222222,0,0.0
gustavo-ren,0,0,3,3,5.0,5.803888888888889,0,0.0
ilivans,0,0,1,0,622.0,0.0,0,0.0
ivirshup,0,0,2,1,40.0,6.478611111111111,0,0.0
ravicodelabs,0,0,2,2,3.0,1.4195833333333332,0,0.0
pidefrem,0,0,1,1,37.0,3.4280555555555554,0,0.0
tongyu0924,0,0,1,1,6.0,13.08388888888889,0,0.0
Maria Boerner,1,5,0,0,0.0,0.0,0,0.0
wesselhuising,0,0,1,0,14.0,0.0,0,0.0
ikeadeoyin,0,0,3,2,1.6666666666666667,21.24986111111111,0,0.0
Frans Larsson,1,2,0,0,0.0,0.0,0,0.0
windiana42,1,30,2,1,43.0,1.323888888888889,0,0.0
Mai,1,200,0,0,0.0,0.0,0,0.0
haripriya-r17,0,0,1,0,4.0,0.0,0,0.0
Ikko Ashimine,1,2,0,0,0.0,0.0,0,0.0
Irene,2,13,0,0,0.0,0.0,0,0.0
Tim Vink,1,2,0,0,0.0,0.0,0,0.0
mehrdadmoradii,0,0,2,1,5.5,17.37472222222222,0,0.0
Petar Mlinarić,1,21,0,0,0.0,0.0,0,0.0
alexanmv,1,29,1,1,29.0,19.35472222222222,0,0.0
Redjest,0,0,1,0,53.0,0.0,0,0.0
ShanDeng123,9,78,12,9,26.25,7.381851851851853,0,0.0
Nikhil Suresh,2,22,0,0,0.0,0.0,0,0.0
Alberto Mario Ceballos-Arroyo,3,411,0,0,0.0,0.0,0,0.0
nicolafan,0,0,2,1,17.0,1.5927777777777778,0,0.0
Tialo,44,1652,48,44,38.208333333333336,12.461729797979798,0,0.0
henrymooresc,3,36,4,3,14.0,8.407592592592591,0,0.0
brendanlu,0,0,6,5,39.5,8.040055555555556,0,0.0
Pablo Ibieta-Jimenez,2,88,0,0,0.0,0.0,0,0.0
Nicki Skafte Detlefsen,1,34,0,0,0.0,0.0,0,0.0
combscCode,3,54,3,3,18.0,12.927685185185183,0,0.0
tpatzelt,0,0,1,1,4.0,0.8938888888888888,0,0.0
Jakub Kaczmarzyk,1,2,0,0,0.0,0.0,0,0.0
Admir Demiraj,1,10,0,0,0.0,0.0,0,0.0
SHREEKANT VITTHAL NANDIYAWAR,1,12,0,0,0.0,0.0,0,0.0
nikita-jare,0,0,1,1,2.0,14.382777777777777,0,0.0
ka00ri,1,38,2,2,22.0,21.61625,0,0.0
dmitrylala,0,0,5,5,35.0,10.038666666666668,0,0.0
Carla J,1,3,0,0,0.0,0.0,0,0.0
saqlain2204,0,0,2,0,12.5,0.0,0,0.0
Mehgarg,1,86,1,1,86.0,6.275555555555556,0,0.0
InessaPawson,0,0,1,1,5.0,3.245277777777778,0,0.0
Sai-Suraj-27,0,0,1,0,5328.0,0.0,0,0.0
TomDLT,0,0,5,5,74.6,14.492333333333335,0,0.0
nima10khodaveisi,1,2,1,1,2.0,2.891388888888889,0,0.0
qbarthelemy,0,0,5,3,26.8,12.442685185185185,0,0.0
DeaMariaLeon,0,0,6,5,33.333333333333336,7.578611111111113,0,0.0
Lucy Liu,75,5276,0,0,0.0,0.0,0,0.0
Aditya Singh,1,159,0,0,0.0,0.0,0,0.0
TamaraAtanasoska,0,0,5,5,39.2,19.173388888888887,0,0.0
Martin Larralde,1,12,0,0,0.0,0.0,0,0.0
Claudio Salvatore Arcidiacono,4,115,0,0,0.0,0.0,0,0.0
Camille Troillard,3,416,0,0,0.0,0.0,0,0.0
Reddragonemperor58,0,0,2,2,4.5,8.350000000000001,0,0.0
pr4sh4ntSingh,0,0,1,0,32.0,0.0,0,0.0
AcylSilane,0,0,1,1,4.0,0.9211111111111111,0,0.0
Martin Helm,1,4,0,0,0.0,0.0,0,0.0
Tenavi,1,144,0,0,0.0,0.0,0,0.0
Piotr,1,4,0,0,0.0,0.0,0,0.0
dpoznik,0,0,2,2,4.5,19.767222222222223,0,0.0
jlopezNEU,0,0,1,0,2.0,0.0,0,0.0
aufarkari,1,6,0,0,0.0,0.0,0,0.0
Ansam Zedan,2,36,0,0,0.0,0.0,0,0.0
HenriqueProj,0,0,2,1,110.0,2.0805555555555557,0,0.0
Soham-West,0,0,3,0,6.0,0.0,0,0.0
Flynn,1,30,0,0,0.0,0.0,0,0.0
Cloponaclock1,0,0,1,0,3.0,0.0,0,0.0
angela-maennel,1,3,1,1,3.0,12.072777777777778,0,0.0
BabaYaga1221,0,0,2,1,16.0,12.689166666666667,0,0.0
tusharparimi,0,0,1,1,3.0,17.434166666666666,0,0.0
arthurmello,1,8,1,1,8.0,0.98,0,0.0
Amanda Dsouza,1,158,0,0,0.0,0.0,0,0.0
pedro-w,0,0,1,1,6.0,3.45,0,0.0
Bruno,1,25,0,0,0.0,0.0,0,0.0
nat-salt,1,22,1,1,22.0,21.391944444444444,0,0.0
Mohit Sharma,1,83,0,0,0.0,0.0,0,0.0
Rushil Desai,5,355,0,0,0.0,0.0,0,0.0
kyrajeep,0,0,2,0,89368.0,0.0,0,0.0
MaggieChege,3,36,0,0,0.0,0.0,0,0.0
eguenther,0,0,1,1,81.0,18.929166666666667,0,0.0
brettcannon,0,0,1,1,4.0,0.9669444444444445,0,0.0
46319943,0,0,1,0,14.0,0.0,0,0.0
sonnivs,1,12,1,1,12.0,14.29861111111111,0,0.0
tabeak,0,0,2,1,3.5,14.61,0,0.0
Aditya Kumawat,1,4,0,0,0.0,0.0,0,0.0
eagle-owly,0,0,1,1,15.0,22.587777777777777,0,0.0
duarteocarmo,0,0,1,1,4.0,2.942222222222222,0,0.0
Gauthier I,3,52,0,0,0.0,0.0,0,0.0
Fatima GASMI,1,4,0,0,0.0,0.0,0,0.0
Malte Londschien,1,18,0,0,0.0,0.0,0,0.0
code-and-tie,0,0,1,1,269.0,4.409722222222222,0,0.0
Richard Taylor,6,57,0,0,0.0,0.0,0,0.0
Tyler Martin,1,27,0,0,0.0,0.0,0,0.0
psteinb,0,0,3,2,8575.666666666666,0.7083333333333333,0,0.0
carlo,4,19,0,0,0.0,0.0,0,0.0
myenugula,1,30,3,1,32.0,16.0675,0,0.0
Louis Wagner,1,18,0,0,0.0,0.0,0,0.0
MarcBresson,0,0,2,1,91.5,17.065555555555555,0,0.0
fkdosilovic,0,0,12,8,86.33333333333333,11.116527777777778,0,0.0
gunesbayir,1,2,1,1,2.0,21.559722222222224,0,0.0
thomasjpfan,0,0,353,324,98.95750708215297,12.88946502057614,2,20.532777777777778
ThibaultMetais,0,0,1,0,16.0,0.0,0,0.0
Xuefeng Xu,13,257,0,0,0.0,0.0,0,0.0
Ishan Kumar,1,4,0,0,0.0,0.0,0,0.0
Lauren Burke,1,57,0,0,0.0,0.0,0,0.0
fkaren27,2,65,2,2,32.5,21.055416666666666,0,0.0
Fortune Uwha,1,6,0,0,0.0,0.0,0,0.0
yanchick,0,0,3,0,38.333333333333336,0.0,0,0.0
Aiko,1,106,0,0,0.0,0.0,0,0.0
Marcus Fraaß,1,14,0,0,0.0,0.0,0,0.0
ahmadjubair33,1,4,1,1,4.0,0.7463888888888889,0,0.0
danifernandes-hub,0,0,12,11,28.333333333333332,9.561590909090908,0,0.0
jiawei-zhang-a,0,0,25,24,24.16,15.016215277777775,2,6.015694444444445
ClaudioSalvatoreArcidiacono,0,0,4,4,28.75,4.061180555555556,0,0.0
Adrin Jalali,106,67215,0,0,0.0,0.0,0,0.0
Henrique Caroço,1,51,0,0,0.0,0.0,0,0.0
Naziya Mahimkar,1,4,0,0,0.0,0.0,0,0.0
Nicolas Hug,5,89,0,0,0.0,0.0,0,0.0
emma-carballal,0,0,1,1,5.0,2.923611111111111,0,0.0
darigovresearch,0,0,1,0,2.0,0.0,0,0.0
solosilence,1,20,0,0,0.0,0.0,0,0.0
Xiao Yuan,29,1047,0,0,0.0,0.0,0,0.0
naziya-19,0,0,1,1,4.0,20.39666666666667,0,0.0
seljaks,1,25,1,1,25.0,2.0925,0,0.0
jona-sassenhagen,0,0,2,1,52.0,0.11472222222222223,0,0.0
Kaminyou,0,0,1,1,4.0,3.285,0,0.0
ronaldpetty,0,0,1,0,6.0,0.0,0,0.0
marielaraj,1,22,0,0,0.0,0.0,0,0.0
MilesCranmer,0,0,1,0,45.0,0.0,0,0.0
ichko,0,0,1,1,5.0,4.971388888888889,0,0.0
Nadirhan Şahin,1,149,0,0,0.0,0.0,0,0.0
bradleyfowler123,0,0,1,0,1287.0,0.0,0,0.0
joshuahedlund,0,0,2,2,15.0,12.521527777777777,0,0.0
geroldcsendes,1,2,0,0,0.0,0.0,0,0.0
Vladimir Kim,1,4,0,0,0.0,0.0,0,0.0
a-parida12,0,0,1,0,53.0,0.0,0,0.0
DessyVV,1,41,0,0,0.0,0.0,0,0.0
luis261,0,0,1,0,748.0,0.0,0,0.0
Sashka Warner,1,17,0,0,0.0,0.0,0,0.0
Gyeongjae Choi,1,4,0,0,0.0,0.0,0,0.0
ankit-dhokariya,0,0,1,0,59.0,0.0,0,0.0
dependabot[bot],3,36,5,3,16.8,11.950555555555555,0,0.0
Dayne,1,2,0,0,0.0,0.0,0,0.0
Fabrizio Damicelli,1,2,0,0,0.0,0.0,0,0.0
tliu68,1,60,0,0,0.0,0.0,0,0.0
Kirandevraj,1,6,1,1,6.0,14.321666666666667,0,0.0
Anne Ducout,2,54,0,0,0.0,0.0,0,0.0
paulo-smcs,0,0,2,2,8.0,19.80513888888889,0,0.0
